AccountID,AccountHolderName,Gender,Location,DOB,Age,Account_Opening_Date,TransactionDate,ExclusionStatus,IsDormant
D0001,DormantUser,Female,"Dhule , Maharashtra",1943-03-19,82,2022-10-26,2022-10-26,Excluded,True
A0183,Saanvi,Female,"Wardha , Maharashtra",1979-01-12,46,2020-05-27,2024-01-22,AtRisk,False
A0159,Rohan,Male,"Melghat , Maharashtra",2000-08-08,25,2022-10-07,2024-01-22,AtRisk,False
A0154,Kavya,Female,"Melghat , Maharashtra",1981-02-28,44,2021-10-04,2021-10-04,Excluded,False
D0005,DormantUser,Female,"Melghat , Maharashtra",1954-10-18,71,2022-10-26,2022-10-26,Excluded,True
D0003,DormantUser,Female,"Melghat , Maharashtra",1964-08-22,61,2022-10-26,2022-10-26,Excluded,True
D0005,DormantUser,Female,"Dhule , Maharashtra",1957-08-09,68,2022-10-26,2022-10-26,Excluded,True
D0005,DormantUser,Female,"Hingoli , Maharashtra",1957-08-27,68,2022-10-26,2022-10-26,Excluded,True
D0005,DormantUser,Female,"Yavatmal, Maharashtra",1948-02-19,77,2022-10-26,2022-10-26,Excluded,True
D0001,DormantUser,Female,"Buldhana , Maharashtra",1948-07-07,77,2022-10-26,2022-10-26,Excluded,True
D0003,DormantUser,Female,"Melghat , Maharashtra",1950-06-18,75,2022-10-26,2022-10-26,Excluded,True
D0002,DormantUser,Female,"Gadchiroli , Maharashtra",1941-10-28,84,2022-10-26,2022-10-26,Excluded,True
A0237,Neha,Female,"Parbhani , Maharashtra",1953-03-26,72,2021-02-14,2022-01-11,Active,False
D0005,DormantUser,Female,"Dhule , Maharashtra",1962-03-12,63,2022-10-26,2022-10-26,Excluded,True
D0004,DormantUser,Female,"Dhule , Maharashtra",1940-03-27,85,2022-10-26,2022-10-26,Excluded,True
A0214,Anjali,Female,"Nandurbar , Maharashtra",1940-02-10,85,2021-10-16,2022-11-27,Active,False
D0004,DormantUser,Female,"Wardha , Maharashtra",1961-02-24,64,2022-10-26,2022-10-26,Excluded,True
D0002,DormantUser,Female,"Dhule , Maharashtra",1961-09-04,64,2022-10-26,2022-10-26,Excluded,True
A0135,Anjali,Female,"Washim , Maharashtra",1979-03-27,46,2022-11-16,2023-11-22,Active,False
D0002,DormantUser,Female,"Washim , Maharashtra",1964-07-23,61,2022-10-26,2022-10-26,Excluded,True
A0167,Meera,Female,"Hingoli , Maharashtra",1984-09-14,41,2023-01-23,2023-01-23,Excluded,False
A0066,Sneha,Female,"Nandurbar , Maharashtra",1944-12-19,81,2018-06-20,2018-08-14,Active,False
A0004,Meera,Female,"Hingoli , Maharashtra",1975-07-14,50,2022-03-03,2022-03-03,Excluded,False
D0001,DormantUser,Female,"Buldhana , Maharashtra",1949-02-13,76,2022-10-26,2022-10-26,Excluded,True
D0005,DormantUser,Female,"Wardha , Maharashtra",1959-02-19,66,2022-10-26,2022-10-26,Excluded,True
A0068,Saanvi,Female,"Buldhana , Maharashtra",1976-03-11,49,2022-04-09,2022-04-09,Excluded,False
A0152,Kavya,Female,"Washim , Maharashtra",1989-03-27,36,2020-05-12,2020-10-17,Active,False
D0003,DormantUser,Female,"Buldhana , Maharashtra",1950-08-24,75,2022-10-26,2022-10-26,Excluded,True
D0005,DormantUser,Female,"Wardha , Maharashtra",1965-08-03,60,2022-10-26,2022-10-26,Excluded,True
A0389,Isha,Female,"Nandurbar , Maharashtra",1961-03-06,64,2022-10-29,2023-07-02,Active,False
D0004,DormantUser,Female,"Parbhani , Maharashtra",1962-04-04,63,2022-10-26,2022-10-26,Excluded,True
A0254,Divya,Female,"Melghat , Maharashtra",1983-02-12,42,2021-12-31,2022-11-26,Active,False
D0002,DormantUser,Female,"Parbhani , Maharashtra",1964-12-17,61,2022-10-26,2022-10-26,Excluded,True
D0003,DormantUser,Female,"Dhule , Maharashtra",1963-08-06,62,2022-10-26,2022-10-26,Excluded,True
D0004,DormantUser,Female,"Parbhani , Maharashtra",1944-04-12,81,2022-10-26,2022-10-26,Excluded,True
A0267,Trisha,Female,"Dhule , Maharashtra",1948-09-27,77,2019-08-06,2023-07-23,AtRisk,False
A0179,Ravi,Male,"Dhule , Maharashtra",1987-08-17,38,2018-07-10,2019-02-15,Active,False
D0005,DormantUser,Female,"Dhule , Maharashtra",1943-03-16,82,2022-10-26,2022-10-26,Excluded,True
A0092,Kabir,Male,"Buldhana , Maharashtra",1950-02-08,75,2020-12-18,2021-05-14,Active,False
D0004,DormantUser,Female,"Melghat , Maharashtra",1960-04-22,65,2022-10-26,2022-10-26,Excluded,True
D0001,DormantUser,Female,"Nandurbar , Maharashtra",1950-12-01,75,2022-10-26,2022-10-26,Excluded,True
D0003,DormantUser,Female,"Dhule , Maharashtra",1965-12-17,60,2022-10-26,2022-10-26,Excluded,True
A0344,Priya,Female,"Washim , Maharashtra",1987-02-19,38,2023-05-10,2023-06-09,AtRisk,False
D0004,DormantUser,Female,"Wardha , Maharashtra",1958-12-23,67,2022-10-26,2022-10-26,Excluded,True
D0001,DormantUser,Female,"Dhule , Maharashtra",1955-12-26,70,2022-10-26,2022-10-26,Excluded,True
D0005,DormantUser,Female,"Hingoli , Maharashtra",1961-12-05,64,2022-10-26,2022-10-26,Excluded,True
D0002,DormantUser,Female,"Dhule , Maharashtra",1949-06-28,76,2022-10-26,2022-10-26,Excluded,True
A0287,Raj,Male,"Gadchiroli , Maharashtra",1974-02-17,51,2017-10-06,2017-11-05,AtRisk,False
D0004,DormantUser,Female,"Buldhana , Maharashtra",1956-03-02,69,2022-10-26,2022-10-26,Excluded,True
A0370,Meera,Female,"Wardha , Maharashtra",1954-04-24,71,2017-12-03,2018-01-02,AtRisk,False
A0193,Saanvi,Female,"Yavatmal, Maharashtra",1965-09-10,60,2022-06-11,2022-06-11,Excluded,False
A0301,Aditya,Male,"Dhule , Maharashtra",1974-02-24,51,2020-05-07,2024-01-22,AtRisk,False
D0004,DormantUser,Female,"Hingoli , Maharashtra",1963-01-07,62,2022-10-26,2022-10-26,Excluded,True
D0005,DormantUser,Female,"Yavatmal, Maharashtra",1953-11-21,72,2022-10-26,2022-10-26,Excluded,True
D0001,DormantUser,Female,"Buldhana , Maharashtra",1963-05-01,62,2022-10-26,2022-10-26,Excluded,True
D0004,DormantUser,Female,"Washim , Maharashtra",1942-09-05,83,2022-10-26,2022-10-26,Excluded,True
A0006,Priya,Female,"Yavatmal, Maharashtra",1954-07-08,71,2022-04-21,2022-04-21,Excluded,False
D0005,DormantUser,Female,"Gadchiroli , Maharashtra",1953-11-28,72,2022-10-26,2022-10-26,Excluded,True
A0275,Raj,Male,"Hingoli , Maharashtra",1969-12-05,56,2017-11-15,2018-02-24,Active,False
D0004,DormantUser,Female,"Wardha , Maharashtra",1964-01-11,61,2022-10-26,2022-10-26,Excluded,True
D0005,DormantUser,Female,"Dhule , Maharashtra",1953-04-12,72,2022-10-26,2022-10-26,Excluded,True
A0370,Meera,Female,"Wardha , Maharashtra",1954-04-24,71,2017-12-03,2023-07-23,AtRisk,False
A0159,Rohan,Male,"Melghat , Maharashtra",2000-08-08,25,2022-10-07,2022-11-06,AtRisk,False
D0005,DormantUser,Female,"Wardha , Maharashtra",1953-03-28,72,2022-10-26,2022-10-26,Excluded,True
D0002,DormantUser,Female,"Buldhana , Maharashtra",1947-05-15,78,2022-10-26,2022-10-26,Excluded,True
D0005,DormantUser,Female,"Parbhani , Maharashtra",1940-11-28,85,2022-10-26,2022-10-26,Excluded,True
A0393,Priya,Female,"Dhule , Maharashtra",1993-12-27,32,2023-04-20,2023-05-20,AtRisk,False
D0005,DormantUser,Female,"Nandurbar , Maharashtra",1957-10-09,68,2022-10-26,2022-10-26,Excluded,True
D0004,DormantUser,Female,"Hingoli , Maharashtra",1952-12-28,73,2022-10-26,2022-10-26,Excluded,True
D0002,DormantUser,Female,"Yavatmal, Maharashtra",1941-02-06,84,2022-10-26,2022-10-26,Excluded,True
D0004,DormantUser,Female,"Hingoli , Maharashtra",1962-11-05,63,2022-10-26,2022-10-26,Excluded,True
D0001,DormantUser,Female,"Parbhani , Maharashtra",1949-11-09,76,2022-10-26,2022-10-26,Excluded,True
D0003,DormantUser,Female,"Parbhani , Maharashtra",1948-01-24,77,2022-10-26,2022-10-26,Excluded,True
D0004,DormantUser,Female,"Melghat , Maharashtra",1953-10-01,72,2022-10-26,2022-10-26,Excluded,True
D0002,DormantUser,Female,"Parbhani , Maharashtra",1957-09-15,68,2022-10-26,2022-10-26,Excluded,True
D0001,DormantUser,Female,"Parbhani , Maharashtra",1948-07-04,77,2022-10-26,2022-10-26,Excluded,True
A0143,Divya,Female,"Hingoli , Maharashtra",1995-05-21,30,2022-02-22,2023-03-22,Active,False
A0330,Vikram,Male,"Yavatmal, Maharashtra",1991-10-25,34,2020-08-31,2021-05-14,Active,False
D0004,DormantUser,Female,"Parbhani , Maharashtra",1958-09-19,67,2022-10-26,2022-10-26,Excluded,True
A0049,Vikram,Male,"Wardha , Maharashtra",1961-05-15,64,2022-09-04,2022-10-16,Active,False
D0003,DormantUser,Female,"Yavatmal, Maharashtra",1942-03-07,83,2022-10-26,2022-10-26,Excluded,True
D0001,DormantUser,Female,"Washim , Maharashtra",1943-06-27,82,2022-10-26,2022-10-26,Excluded,True
A0112,Isha,Female,"Parbhani , Maharashtra",1986-07-09,39,2022-01-17,2022-02-16,AtRisk,False
D0001,DormantUser,Female,"Parbhani , Maharashtra",1963-11-26,62,2022-10-26,2022-10-26,Excluded,True
A0108,Arjun,Male,"Washim , Maharashtra",1970-11-28,55,2021-08-25,2022-03-10,Active,False
D0001,DormantUser,Female,"Washim , Maharashtra",1943-10-17,82,2022-10-26,2022-10-26,Excluded,True
D0005,DormantUser,Female,"Wardha , Maharashtra",1940-06-25,85,2022-10-26,2022-10-26,Excluded,True
A0071,Aarav,Male,"Washim , Maharashtra",1947-04-03,78,2019-11-25,2019-12-25,AtRisk,False
D0002,DormantUser,Female,"Dhule , Maharashtra",1956-07-27,69,2022-10-26,2022-10-26,Excluded,True
A0290,Sneha,Female,"Washim , Maharashtra",1999-09-02,26,2018-12-30,2019-06-17,Active,False
D0001,DormantUser,Female,"Parbhani , Maharashtra",1949-07-03,76,2022-10-26,2022-10-26,Excluded,True
A0364,Manoj,Male,"Washim , Maharashtra",2007-10-15,18,2020-12-06,2021-10-04,Active,False
D0004,DormantUser,Female,"Parbhani , Maharashtra",1942-01-16,83,2022-10-26,2022-10-26,Excluded,True
D0001,DormantUser,Female,"Buldhana , Maharashtra",1942-06-02,83,2022-10-26,2022-10-26,Excluded,True
D0004,DormantUser,Female,"Buldhana , Maharashtra",1945-06-05,80,2022-10-26,2022-10-26,Excluded,True
D0005,DormantUser,Female,"Washim , Maharashtra",1949-01-07,76,2022-10-26,2022-10-26,Excluded,True
A0211,Trisha,Female,"Yavatmal, Maharashtra",1976-01-22,49,2019-10-16,2020-10-14,Active,False
D0005,DormantUser,Female,"Dhule , Maharashtra",1949-06-17,76,2022-10-26,2022-10-26,Excluded,True
A0215,Aditya,Male,"Melghat , Maharashtra",1997-11-26,28,2021-08-22,2022-05-01,Active,False
A0374,Aarav,Male,"Yavatmal, Maharashtra",1982-07-14,43,2020-08-05,2020-09-04,AtRisk,False
D0004,DormantUser,Female,"Hingoli , Maharashtra",1965-08-20,60,2022-10-26,2022-10-26,Excluded,True
D0005,DormantUser,Female,"Yavatmal, Maharashtra",1956-11-22,69,2022-10-26,2022-10-26,Excluded,True
D0002,DormantUser,Female,"Parbhani , Maharashtra",1954-03-14,71,2022-10-26,2022-10-26,Excluded,True
D0001,DormantUser,Female,"Parbhani , Maharashtra",1957-12-11,68,2022-10-26,2022-10-26,Excluded,True
D0004,DormantUser,Female,"Nandurbar , Maharashtra",1959-07-01,66,2022-10-26,2022-10-26,Excluded,True
A0253,Trisha,Female,"Melghat , Maharashtra",1973-07-06,52,2018-11-07,2019-03-05,Active,False
A0321,Anjali,Female,"Nandurbar , Maharashtra",1947-07-22,78,2020-01-12,2023-07-23,AtRisk,False
A0293,Neha,Female,"Buldhana , Maharashtra",1959-03-16,66,2017-11-08,2018-11-25,Active,False
D0003,DormantUser,Female,"Hingoli , Maharashtra",1953-09-03,72,2022-10-26,2022-10-26,Excluded,True
D0001,DormantUser,Female,"Wardha , Maharashtra",1942-02-24,83,2022-10-26,2022-10-26,Excluded,True
D0001,DormantUser,Female,"Melghat , Maharashtra",1954-05-17,71,2022-10-26,2022-10-26,Excluded,True
D0001,DormantUser,Female,"Washim , Maharashtra",1951-01-06,74,2022-10-26,2022-10-26,Excluded,True
D0002,DormantUser,Female,"Washim , Maharashtra",1942-08-12,83,2022-10-26,2022-10-26,Excluded,True
D0004,DormantUser,Female,"Dhule , Maharashtra",1951-01-27,74,2022-10-26,2022-10-26,Excluded,True
D0005,DormantUser,Female,"Wardha , Maharashtra",1963-05-22,62,2022-10-26,2022-10-26,Excluded,True
A0114,Arjun,Male,"Yavatmal, Maharashtra",1993-10-06,32,2020-06-13,2020-06-13,Excluded,False
D0001,DormantUser,Female,"Washim , Maharashtra",1962-05-05,63,2022-10-26,2022-10-26,Excluded,True
A0387,Divya,Female,"Gadchiroli , Maharashtra",1941-03-07,84,2021-04-24,2023-07-23,AtRisk,False
D0003,DormantUser,Female,"Gadchiroli , Maharashtra",1944-11-04,81,2022-10-26,2022-10-26,Excluded,True
D0002,DormantUser,Female,"Dhule , Maharashtra",1947-11-25,78,2022-10-26,2022-10-26,Excluded,True
D0003,DormantUser,Female,"Parbhani , Maharashtra",1954-11-20,71,2022-10-26,2022-10-26,Excluded,True
D0005,DormantUser,Female,"Yavatmal, Maharashtra",1946-01-25,79,2022-10-26,2022-10-26,Excluded,True
D0005,DormantUser,Female,"Nandurbar , Maharashtra",1946-03-03,79,2022-10-26,2022-10-26,Excluded,True
D0004,DormantUser,Female,"Washim , Maharashtra",1957-05-16,68,2022-10-26,2022-10-26,Excluded,True
A0381,Manoj,Male,"Dhule , Maharashtra",1986-12-12,39,2022-09-24,2023-05-28,Active,False
D0004,DormantUser,Female,"Yavatmal, Maharashtra",1940-03-18,85,2022-10-26,2022-10-26,Excluded,True
D0002,DormantUser,Female,"Washim , Maharashtra",1942-08-12,83,2022-10-26,2022-10-26,Excluded,True
D0001,DormantUser,Female,"Nandurbar , Maharashtra",1964-04-02,61,2022-10-26,2022-10-26,Excluded,True
D0003,DormantUser,Female,"Buldhana , Maharashtra",1963-06-10,62,2022-10-26,2022-10-26,Excluded,True
D0003,DormantUser,Female,"Yavatmal, Maharashtra",1965-04-22,60,2022-10-26,2022-10-26,Excluded,True
D0005,DormantUser,Female,"Nandurbar , Maharashtra",1950-05-14,75,2022-10-26,2022-10-26,Excluded,True
A0030,Raj,Male,"Wardha , Maharashtra",1973-09-24,52,2021-07-14,2022-02-11,Active,False
D0002,DormantUser,Female,"Melghat , Maharashtra",1958-11-21,67,2022-10-26,2022-10-26,Excluded,True
D0004,DormantUser,Female,"Melghat , Maharashtra",1951-07-22,74,2022-10-26,2022-10-26,Excluded,True
D0003,DormantUser,Female,"Nandurbar , Maharashtra",1950-04-19,75,2022-10-26,2022-10-26,Excluded,True
D0004,DormantUser,Female,"Washim , Maharashtra",1943-11-09,82,2022-10-26,2022-10-26,Excluded,True
D0005,DormantUser,Female,"Gadchiroli , Maharashtra",1952-06-01,73,2022-10-26,2022-10-26,Excluded,True
D0005,DormantUser,Female,"Yavatmal, Maharashtra",1962-11-15,63,2022-10-26,2022-10-26,Excluded,True
D0004,DormantUser,Female,"Wardha , Maharashtra",1950-09-16,75,2022-10-26,2022-10-26,Excluded,True
D0002,DormantUser,Female,"Hingoli , Maharashtra",1941-11-28,84,2022-10-26,2022-10-26,Excluded,True
D0004,DormantUser,Female,"Yavatmal, Maharashtra",1961-11-15,64,2022-10-26,2022-10-26,Excluded,True
D0004,DormantUser,Female,"Gadchiroli , Maharashtra",1948-03-06,77,2022-10-26,2022-10-26,Excluded,True
D0003,DormantUser,Female,"Buldhana , Maharashtra",1962-06-02,63,2022-10-26,2022-10-26,Excluded,True
A0321,Anjali,Female,"Nandurbar , Maharashtra",1947-07-22,78,2020-01-12,2023-07-23,AtRisk,False
D0004,DormantUser,Female,"Hingoli , Maharashtra",1940-11-07,85,2022-10-26,2022-10-26,Excluded,True
D0001,DormantUser,Female,"Buldhana , Maharashtra",1945-07-17,80,2022-10-26,2022-10-26,Excluded,True
D0002,DormantUser,Female,"Wardha , Maharashtra",1963-03-19,62,2022-10-26,2022-10-26,Excluded,True
A0149,Priya,Female,"Wardha , Maharashtra",1967-06-16,58,2020-02-21,2020-10-01,Active,False
D0003,DormantUser,Female,"Gadchiroli , Maharashtra",1952-03-15,73,2022-10-26,2022-10-26,Excluded,True
D0005,DormantUser,Female,"Hingoli , Maharashtra",1951-01-21,74,2022-10-26,2022-10-26,Excluded,True
D0002,DormantUser,Female,"Yavatmal, Maharashtra",1960-05-06,65,2022-10-26,2022-10-26,Excluded,True
D0005,DormantUser,Female,"Nandurbar , Maharashtra",1965-02-11,60,2022-10-26,2022-10-26,Excluded,True
A0372,Arjun,Male,"Wardha , Maharashtra",1979-11-18,46,2020-07-05,2020-12-20,Active,False
D0005,DormantUser,Female,"Washim , Maharashtra",1964-09-24,61,2022-10-26,2022-10-26,Excluded,True
D0005,DormantUser,Female,"Gadchiroli , Maharashtra",1955-05-21,70,2022-10-26,2022-10-26,Excluded,True
D0001,DormantUser,Female,"Dhule , Maharashtra",1955-08-20,70,2022-10-26,2022-10-26,Excluded,True
D0003,DormantUser,Female,"Parbhani , Maharashtra",1964-05-15,61,2022-10-26,2022-10-26,Excluded,True
D0003,DormantUser,Female,"Buldhana , Maharashtra",1958-07-05,67,2022-10-26,2022-10-26,Excluded,True
A0148,Isha,Female,"Hingoli , Maharashtra",1976-11-15,49,2022-11-23,2023-08-15,Active,False
D0003,DormantUser,Female,"Buldhana , Maharashtra",1947-04-12,78,2022-10-26,2022-10-26,Excluded,True
A0193,Saanvi,Female,"Yavatmal, Maharashtra",1965-09-10,60,2022-06-11,2022-06-11,Excluded,False
D0004,DormantUser,Female,"Hingoli , Maharashtra",1962-11-05,63,2022-10-26,2022-10-26,Excluded,True
D0004,DormantUser,Female,"Nandurbar , Maharashtra",1943-04-22,82,2022-10-26,2022-10-26,Excluded,True
A0234,Priya,Female,"Buldhana , Maharashtra",1964-04-23,61,2018-04-19,2019-05-08,Active,False
A0216,Aditya,Male,"Washim , Maharashtra",1987-08-01,38,2021-02-11,2021-03-13,AtRisk,False
D0003,DormantUser,Female,"Wardha , Maharashtra",1940-12-08,85,2022-10-26,2022-10-26,Excluded,True
D0001,DormantUser,Female,"Gadchiroli , Maharashtra",1955-10-18,70,2022-10-26,2022-10-26,Excluded,True
D0003,DormantUser,Female,"Buldhana , Maharashtra",1963-05-12,62,2022-10-26,2022-10-26,Excluded,True
A0199,Aarav,Male,"Nandurbar , Maharashtra",1949-09-01,76,2019-05-02,2019-06-01,AtRisk,False
A0198,Saanvi,Female,"Nandurbar , Maharashtra",1941-01-20,84,2017-11-12,2018-01-20,Active,False
D0004,DormantUser,Female,"Dhule , Maharashtra",1946-12-23,79,2022-10-26,2022-10-26,Excluded,True
D0004,DormantUser,Female,"Washim , Maharashtra",1953-02-08,72,2022-10-26,2022-10-26,Excluded,True
A0379,Trisha,Female,"Wardha , Maharashtra",1969-12-10,56,2018-03-06,2018-04-05,AtRisk,False
D0001,DormantUser,Female,"Wardha , Maharashtra",1963-08-01,62,2022-10-26,2022-10-26,Excluded,True
D0001,DormantUser,Female,"Dhule , Maharashtra",1943-05-05,82,2022-10-26,2022-10-26,Excluded,True
D0001,DormantUser,Female,"Wardha , Maharashtra",1943-01-23,82,2022-10-26,2022-10-26,Excluded,True
D0003,DormantUser,Female,"Gadchiroli , Maharashtra",1950-12-13,75,2022-10-26,2022-10-26,Excluded,True
A0209,Isha,Female,"Yavatmal, Maharashtra",1976-02-08,49,2021-09-19,2022-01-01,Active,False
D0003,DormantUser,Female,"Wardha , Maharashtra",1964-06-11,61,2022-10-26,2022-10-26,Excluded,True
D0001,DormantUser,Female,"Nandurbar , Maharashtra",1944-02-23,81,2022-10-26,2022-10-26,Excluded,True
A0046,Arjun,Male,"Washim , Maharashtra",1969-09-24,56,2022-04-27,2023-01-19,Active,False
D0005,DormantUser,Female,"Washim , Maharashtra",1955-08-27,70,2022-10-26,2022-10-26,Excluded,True
A0097,Priya,Female,"Washim , Maharashtra",2007-11-14,18,2021-02-05,2021-10-09,Active,False
D0003,DormantUser,Female,"Dhule , Maharashtra",1965-12-14,60,2022-10-26,2022-10-26,Excluded,True
D0005,DormantUser,Female,"Dhule , Maharashtra",1947-12-08,78,2022-10-26,2022-10-26,Excluded,True
D0005,DormantUser,Female,"Nandurbar , Maharashtra",1942-09-05,83,2022-10-26,2022-10-26,Excluded,True
A0211,Trisha,Female,"Yavatmal, Maharashtra",1976-01-22,49,2019-10-16,2020-10-14,Active,False
A0160,Vikram,Male,"Buldhana , Maharashtra",1978-11-20,47,2022-04-17,2022-04-17,Excluded,False
D0005,DormantUser,Female,"Nandurbar , Maharashtra",1944-10-22,81,2022-10-26,2022-10-26,Excluded,True
D0005,DormantUser,Female,"Washim , Maharashtra",1940-07-19,85,2022-10-26,2022-10-26,Excluded,True
A0352,Isha,Female,"Washim , Maharashtra",1966-03-14,59,2018-11-21,2018-12-21,AtRisk,False
D0005,DormantUser,Female,"Yavatmal, Maharashtra",1962-11-15,63,2022-10-26,2022-10-26,Excluded,True
D0004,DormantUser,Female,"Buldhana , Maharashtra",1946-08-05,79,2022-10-26,2022-10-26,Excluded,True
D0003,DormantUser,Female,"Melghat , Maharashtra",1963-05-21,62,2022-10-26,2022-10-26,Excluded,True
A0099,Priya,Female,"Gadchiroli , Maharashtra",1950-06-11,75,2021-06-08,2021-07-27,Active,False
D0002,DormantUser,Female,"Wardha , Maharashtra",1965-02-19,60,2022-10-26,2022-10-26,Excluded,True
A0001,Isha,Female,"Yavatmal, Maharashtra",1967-03-02,58,2017-09-18,2018-04-25,Active,False
D0002,DormantUser,Female,"Nandurbar , Maharashtra",1954-09-12,71,2022-10-26,2022-10-26,Excluded,True
D0004,DormantUser,Female,"Buldhana , Maharashtra",1950-07-18,75,2022-10-26,2022-10-26,Excluded,True
A0224,Aarav,Male,"Gadchiroli , Maharashtra",1945-12-21,80,2023-01-24,2024-03-26,Active,False
D0003,DormantUser,Female,"Gadchiroli , Maharashtra",1955-11-03,70,2022-10-26,2022-10-26,Excluded,True
A0248,Kavya,Female,"Parbhani , Maharashtra",1981-03-19,44,2018-05-08,2018-05-08,Excluded,False
D0003,DormantUser,Female,"Gadchiroli , Maharashtra",1963-06-25,62,2022-10-26,2022-10-26,Excluded,True
A0234,Priya,Female,"Buldhana , Maharashtra",1964-04-23,61,2018-04-19,2018-08-15,Active,False
D0002,DormantUser,Female,"Gadchiroli , Maharashtra",1944-05-01,81,2022-10-26,2022-10-26,Excluded,True
D0001,DormantUser,Female,"Washim , Maharashtra",1943-06-27,82,2022-10-26,2022-10-26,Excluded,True
D0002,DormantUser,Female,"Washim , Maharashtra",1964-04-25,61,2022-10-26,2022-10-26,Excluded,True
A0393,Priya,Female,"Dhule , Maharashtra",1993-12-27,32,2023-04-20,2023-05-20,AtRisk,False
D0002,DormantUser,Female,"Yavatmal, Maharashtra",1946-10-25,79,2022-10-26,2022-10-26,Excluded,True
A0244,Anjali,Female,"Gadchiroli , Maharashtra",1943-10-25,82,2022-08-20,2023-06-01,Active,False
D0002,DormantUser,Female,"Gadchiroli , Maharashtra",1949-03-10,76,2022-10-26,2022-10-26,Excluded,True
D0002,DormantUser,Female,"Hingoli , Maharashtra",1955-04-24,70,2022-10-26,2022-10-26,Excluded,True
D0005,DormantUser,Female,"Hingoli , Maharashtra",1957-09-08,68,2022-10-26,2022-10-26,Excluded,True
D0003,DormantUser,Female,"Gadchiroli , Maharashtra",1944-09-07,81,2022-10-26,2022-10-26,Excluded,True
A0018,Kavya,Female,"Washim , Maharashtra",1970-10-25,55,2022-04-11,2024-01-22,AtRisk,False
A0058,Saanvi,Female,"Melghat , Maharashtra",1972-10-26,53,2021-08-20,2021-09-28,Active,False
D0002,DormantUser,Female,"Wardha , Maharashtra",1941-04-23,84,2022-10-26,2022-10-26,Excluded,True
A0043,Divya,Female,"Yavatmal, Maharashtra",1972-03-13,53,2017-09-22,2018-06-18,Active,False
D0005,DormantUser,Female,"Dhule , Maharashtra",1964-12-08,61,2022-10-26,2022-10-26,Excluded,True
D0004,DormantUser,Female,"Yavatmal, Maharashtra",1948-03-01,77,2022-10-26,2022-10-26,Excluded,True
D0003,DormantUser,Female,"Buldhana , Maharashtra",1965-11-04,60,2022-10-26,2022-10-26,Excluded,True
A0396,Neha,Female,"Gadchiroli , Maharashtra",1971-01-12,54,2019-05-05,2024-01-22,AtRisk,False
D0004,DormantUser,Female,"Wardha , Maharashtra",1963-01-02,62,2022-10-26,2022-10-26,Excluded,True
D0004,DormantUser,Female,"Yavatmal, Maharashtra",1956-04-25,69,2022-10-26,2022-10-26,Excluded,True
D0003,DormantUser,Female,"Parbhani , Maharashtra",1965-06-20,60,2022-10-26,2022-10-26,Excluded,True
A0027,Meera,Female,"Yavatmal, Maharashtra",1941-12-20,84,2018-03-21,2018-04-20,AtRisk,False
A0355,Neha,Female,"Parbhani , Maharashtra",1987-09-16,38,2020-03-26,2024-01-22,AtRisk,False
D0004,DormantUser,Female,"Melghat , Maharashtra",1946-09-22,79,2022-10-26,2022-10-26,Excluded,True
A0094,Meera,Female,"Buldhana , Maharashtra",1986-12-21,39,2021-01-22,2021-02-21,AtRisk,False
A0398,Meera,Female,"Gadchiroli , Maharashtra",1990-05-05,35,2022-03-12,2022-08-05,Active,False
A0275,Raj,Male,"Hingoli , Maharashtra",1969-12-05,56,2017-11-15,2018-02-24,Active,False
A0346,Kavya,Female,"Buldhana , Maharashtra",1994-05-10,31,2019-07-30,2019-07-30,Excluded,False
A0194,Kavya,Female,"Yavatmal, Maharashtra",1977-04-19,48,2022-12-15,2023-03-02,Active,False
D0001,DormantUser,Female,"Wardha , Maharashtra",1942-11-12,83,2022-10-26,2022-10-26,Excluded,True
D0004,DormantUser,Female,"Yavatmal, Maharashtra",1959-09-27,66,2022-10-26,2022-10-26,Excluded,True
D0002,DormantUser,Female,"Dhule , Maharashtra",1960-05-01,65,2022-10-26,2022-10-26,Excluded,True
A0244,Anjali,Female,"Gadchiroli , Maharashtra",1943-10-25,82,2022-08-20,2023-10-06,Active,False
D0003,DormantUser,Female,"Nandurbar , Maharashtra",1955-01-09,70,2022-10-26,2022-10-26,Excluded,True
D0002,DormantUser,Female,"Yavatmal, Maharashtra",1948-08-14,77,2022-10-26,2022-10-26,Excluded,True
D0002,DormantUser,Female,"Dhule , Maharashtra",1965-07-18,60,2022-10-26,2022-10-26,Excluded,True
A0234,Priya,Female,"Buldhana , Maharashtra",1964-04-23,61,2018-04-19,2019-05-08,Active,False
A0368,Arjun,Male,"Nandurbar , Maharashtra",1956-08-13,69,2021-02-20,2021-07-06,Active,False
D0004,DormantUser,Female,"Dhule , Maharashtra",1960-09-08,65,2022-10-26,2022-10-26,Excluded,True
D0001,DormantUser,Female,"Hingoli , Maharashtra",1955-07-10,70,2022-10-26,2022-10-26,Excluded,True
D0004,DormantUser,Female,"Gadchiroli , Maharashtra",1960-11-10,65,2022-10-26,2022-10-26,Excluded,True
D0003,DormantUser,Female,"Wardha , Maharashtra",1945-06-06,80,2022-10-26,2022-10-26,Excluded,True
D0004,DormantUser,Female,"Wardha , Maharashtra",1945-09-11,80,2022-10-26,2022-10-26,Excluded,True
D0004,DormantUser,Female,"Dhule , Maharashtra",1956-01-24,69,2022-10-26,2022-10-26,Excluded,True
D0001,DormantUser,Female,"Washim , Maharashtra",1953-11-15,72,2022-10-26,2022-10-26,Excluded,True
D0001,DormantUser,Female,"Parbhani , Maharashtra",1941-09-17,84,2022-10-26,2022-10-26,Excluded,True
D0005,DormantUser,Female,"Buldhana , Maharashtra",1959-05-21,66,2022-10-26,2022-10-26,Excluded,True
D0005,DormantUser,Female,"Nandurbar , Maharashtra",1940-02-08,85,2022-10-26,2022-10-26,Excluded,True
D0004,DormantUser,Female,"Wardha , Maharashtra",1963-01-02,62,2022-10-26,2022-10-26,Excluded,True
A0338,Meera,Female,"Washim , Maharashtra",1975-05-05,50,2019-08-26,2019-08-26,Excluded,False
A0089,Saanvi,Female,"Nandurbar , Maharashtra",1963-09-14,62,2020-07-31,2020-10-09,Active,False
A0143,Divya,Female,"Hingoli , Maharashtra",1995-05-21,30,2022-02-22,2023-03-22,Active,False
D0005,DormantUser,Female,"Hingoli , Maharashtra",1960-08-11,65,2022-10-26,2022-10-26,Excluded,True
D0001,DormantUser,Female,"Buldhana , Maharashtra",1956-06-28,69,2022-10-26,2022-10-26,Excluded,True
D0004,DormantUser,Female,"Dhule , Maharashtra",1948-06-01,77,2022-10-26,2022-10-26,Excluded,True
D0002,DormantUser,Female,"Wardha , Maharashtra",1965-08-10,60,2022-10-26,2022-10-26,Excluded,True
A0065,Kavya,Female,"Yavatmal, Maharashtra",1980-06-11,45,2020-04-22,2021-01-16,Active,False
D0005,DormantUser,Female,"Hingoli , Maharashtra",1951-01-21,74,2022-10-26,2022-10-26,Excluded,True
A0289,Meera,Female,"Yavatmal, Maharashtra",1980-12-22,45,2018-12-04,2020-01-09,Active,False
D0005,DormantUser,Female,"Melghat , Maharashtra",1963-08-12,62,2022-10-26,2022-10-26,Excluded,True
A0318,Aditya,Male,"Melghat , Maharashtra",1985-05-17,40,2019-10-05,2020-06-13,Active,False
D0003,DormantUser,Female,"Buldhana , Maharashtra",1963-05-21,62,2022-10-26,2022-10-26,Excluded,True
D0001,DormantUser,Female,"Nandurbar , Maharashtra",1940-12-07,85,2022-10-26,2022-10-26,Excluded,True
D0005,DormantUser,Female,"Wardha , Maharashtra",1940-06-19,85,2022-10-26,2022-10-26,Excluded,True
A0295,Aarav,Male,"Washim , Maharashtra",1976-11-26,49,2019-08-06,2019-08-06,Excluded,False
D0003,DormantUser,Female,"Melghat , Maharashtra",1942-12-11,83,2022-10-26,2022-10-26,Excluded,True
D0002,DormantUser,Female,"Gadchiroli , Maharashtra",1962-01-25,63,2022-10-26,2022-10-26,Excluded,True
D0005,DormantUser,Female,"Parbhani , Maharashtra",1954-01-17,71,2022-10-26,2022-10-26,Excluded,True
A0232,Siddharth,Male,"Washim , Maharashtra",1963-12-02,62,2017-09-03,2018-06-01,Active,False
A0204,Trisha,Female,"Wardha , Maharashtra",1970-05-17,55,2022-12-23,2023-02-25,Active,False
A0204,Trisha,Female,"Wardha , Maharashtra",1970-05-17,55,2022-12-23,2023-11-12,Active,False
D0004,DormantUser,Female,"Nandurbar , Maharashtra",1955-11-24,70,2022-10-26,2022-10-26,Excluded,True
D0002,DormantUser,Female,"Yavatmal, Maharashtra",1958-04-04,67,2022-10-26,2022-10-26,Excluded,True
D0002,DormantUser,Female,"Melghat , Maharashtra",1958-05-03,67,2022-10-26,2022-10-26,Excluded,True
D0001,DormantUser,Female,"Gadchiroli , Maharashtra",1955-10-18,70,2022-10-26,2022-10-26,Excluded,True
D0005,DormantUser,Female,"Hingoli , Maharashtra",1946-04-01,79,2022-10-26,2022-10-26,Excluded,True
A0310,Anjali,Female,"Wardha , Maharashtra",2007-06-04,18,2018-10-30,2018-11-29,AtRisk,False
A0265,Priya,Female,"Washim , Maharashtra",1990-01-28,35,2017-10-31,2018-05-02,Active,False
A0270,Ravi,Male,"Hingoli , Maharashtra",1972-07-10,53,2020-03-06,2020-03-06,Excluded,False
D0002,DormantUser,Female,"Melghat , Maharashtra",1956-06-04,69,2022-10-26,2022-10-26,Excluded,True
A0049,Vikram,Male,"Wardha , Maharashtra",1961-05-15,64,2022-09-04,2022-10-16,Active,False
D0001,DormantUser,Female,"Buldhana , Maharashtra",1947-06-18,78,2022-10-26,2022-10-26,Excluded,True
D0005,DormantUser,Female,"Gadchiroli , Maharashtra",1962-07-10,63,2022-10-26,2022-10-26,Excluded,True
D0003,DormantUser,Female,"Parbhani , Maharashtra",1942-02-16,83,2022-10-26,2022-10-26,Excluded,True
A0226,Sneha,Female,"Nandurbar , Maharashtra",1972-04-24,53,2020-08-19,2021-05-01,Active,False
D0003,DormantUser,Female,"Buldhana , Maharashtra",1963-06-10,62,2022-10-26,2022-10-26,Excluded,True
A0184,Ravi,Male,"Nandurbar , Maharashtra",1944-03-01,81,2019-07-07,2019-10-01,Active,False
D0004,DormantUser,Female,"Melghat , Maharashtra",1953-10-01,72,2022-10-26,2022-10-26,Excluded,True
D0004,DormantUser,Female,"Melghat , Maharashtra",1947-01-23,78,2022-10-26,2022-10-26,Excluded,True
A0270,Ravi,Male,"Hingoli , Maharashtra",1972-07-10,53,2020-03-06,2020-03-06,Excluded,False
A0200,Meera,Female,"Parbhani , Maharashtra",1940-11-22,85,2019-08-10,2020-02-06,Active,False
D0001,DormantUser,Female,"Wardha , Maharashtra",1964-10-10,61,2022-10-26,2022-10-26,Excluded,True
D0005,DormantUser,Female,"Gadchiroli , Maharashtra",1954-01-06,71,2022-10-26,2022-10-26,Excluded,True
A0058,Saanvi,Female,"Melghat , Maharashtra",1972-10-26,53,2021-08-20,2021-09-28,Active,False
A0091,Sneha,Female,"Dhule , Maharashtra",1967-05-12,58,2020-10-24,2021-11-08,Active,False
D0004,DormantUser,Female,"Melghat , Maharashtra",1955-07-27,70,2022-10-26,2022-10-26,Excluded,True
A0066,Sneha,Female,"Nandurbar , Maharashtra",1944-12-19,81,2018-06-20,2018-08-14,Active,False
A0135,Anjali,Female,"Washim , Maharashtra",1979-03-27,46,2022-11-16,2023-07-04,Active,False
D0001,DormantUser,Female,"Dhule , Maharashtra",1953-03-13,72,2022-10-26,2022-10-26,Excluded,True
D0001,DormantUser,Female,"Gadchiroli , Maharashtra",1945-01-09,80,2022-10-26,2022-10-26,Excluded,True
D0005,DormantUser,Female,"Yavatmal, Maharashtra",1965-05-10,60,2022-10-26,2022-10-26,Excluded,True
A0238,Saanvi,Female,"Hingoli , Maharashtra",1952-10-28,73,2019-03-25,2020-05-21,Active,False
D0005,DormantUser,Female,"Melghat , Maharashtra",1959-08-22,66,2022-10-26,2022-10-26,Excluded,True
A0321,Anjali,Female,"Nandurbar , Maharashtra",1947-07-22,78,2020-01-12,2020-02-11,AtRisk,False
D0004,DormantUser,Female,"Parbhani , Maharashtra",1944-04-12,81,2022-10-26,2022-10-26,Excluded,True
D0002,DormantUser,Female,"Dhule , Maharashtra",1952-09-07,73,2022-10-26,2022-10-26,Excluded,True
D0001,DormantUser,Female,"Parbhani , Maharashtra",1946-12-21,79,2022-10-26,2022-10-26,Excluded,True
D0002,DormantUser,Female,"Buldhana , Maharashtra",1944-09-24,81,2022-10-26,2022-10-26,Excluded,True
D0005,DormantUser,Female,"Dhule , Maharashtra",1943-12-21,82,2022-10-26,2022-10-26,Excluded,True
D0005,DormantUser,Female,"Parbhani , Maharashtra",1942-10-07,83,2022-10-26,2022-10-26,Excluded,True
D0003,DormantUser,Female,"Hingoli , Maharashtra",1945-07-01,80,2022-10-26,2022-10-26,Excluded,True
D0004,DormantUser,Female,"Washim , Maharashtra",1964-04-13,61,2022-10-26,2022-10-26,Excluded,True
D0003,DormantUser,Female,"Hingoli , Maharashtra",1948-09-07,77,2022-10-26,2022-10-26,Excluded,True
A0065,Kavya,Female,"Yavatmal, Maharashtra",1980-06-11,45,2020-04-22,2021-01-16,Active,False
D0004,DormantUser,Female,"Melghat , Maharashtra",1953-10-01,72,2022-10-26,2022-10-26,Excluded,True
D0005,DormantUser,Female,"Parbhani , Maharashtra",1954-02-27,71,2022-10-26,2022-10-26,Excluded,True
D0002,DormantUser,Female,"Nandurbar , Maharashtra",1945-12-20,80,2022-10-26,2022-10-26,Excluded,True
D0002,DormantUser,Female,"Dhule , Maharashtra",1961-09-04,64,2022-10-26,2022-10-26,Excluded,True
D0001,DormantUser,Female,"Buldhana , Maharashtra",1947-05-25,78,2022-10-26,2022-10-26,Excluded,True
D0003,DormantUser,Female,"Nandurbar , Maharashtra",1962-01-07,63,2022-10-26,2022-10-26,Excluded,True
D0004,DormantUser,Female,"Parbhani , Maharashtra",1961-06-09,64,2022-10-26,2022-10-26,Excluded,True
D0001,DormantUser,Female,"Washim , Maharashtra",1958-06-15,67,2022-10-26,2022-10-26,Excluded,True
D0001,DormantUser,Female,"Parbhani , Maharashtra",1941-07-10,84,2022-10-26,2022-10-26,Excluded,True
D0004,DormantUser,Female,"Washim , Maharashtra",1946-05-22,79,2022-10-26,2022-10-26,Excluded,True
D0001,DormantUser,Female,"Washim , Maharashtra",1962-05-05,63,2022-10-26,2022-10-26,Excluded,True
D0001,DormantUser,Female,"Dhule , Maharashtra",1943-05-05,82,2022-10-26,2022-10-26,Excluded,True
A0149,Priya,Female,"Wardha , Maharashtra",1967-06-16,58,2020-02-21,2021-02-21,Active,False
D0005,DormantUser,Female,"Dhule , Maharashtra",1964-12-08,61,2022-10-26,2022-10-26,Excluded,True
D0001,DormantUser,Female,"Melghat , Maharashtra",1951-09-13,74,2022-10-26,2022-10-26,Excluded,True
A0044,Kabir,Male,"Nandurbar , Maharashtra",1982-06-08,43,2022-03-23,2022-12-14,Active,False
A0026,Kabir,Male,"Parbhani , Maharashtra",1986-11-11,39,2017-10-22,2018-10-30,Active,False
D0002,DormantUser,Female,"Yavatmal, Maharashtra",1940-12-18,85,2022-10-26,2022-10-26,Excluded,True
A0099,Priya,Female,"Gadchiroli , Maharashtra",1950-06-11,75,2021-06-08,2022-01-12,Active,False
D0005,DormantUser,Female,"Wardha , Maharashtra",1954-03-02,71,2022-10-26,2022-10-26,Excluded,True
D0003,DormantUser,Female,"Dhule , Maharashtra",1944-05-26,81,2022-10-26,2022-10-26,Excluded,True
D0003,DormantUser,Female,"Parbhani , Maharashtra",1941-01-13,84,2022-10-26,2022-10-26,Excluded,True
D0001,DormantUser,Female,"Buldhana , Maharashtra",1949-02-13,76,2022-10-26,2022-10-26,Excluded,True
D0001,DormantUser,Female,"Melghat , Maharashtra",1945-08-18,80,2022-10-26,2022-10-26,Excluded,True
D0005,DormantUser,Female,"Yavatmal, Maharashtra",1960-08-24,65,2022-10-26,2022-10-26,Excluded,True
A0167,Meera,Female,"Hingoli , Maharashtra",1984-09-14,41,2023-01-23,2023-01-23,Excluded,False
D0005,DormantUser,Female,"Melghat , Maharashtra",1951-08-11,74,2022-10-26,2022-10-26,Excluded,True
D0001,DormantUser,Female,"Melghat , Maharashtra",1957-02-21,68,2022-10-26,2022-10-26,Excluded,True
D0002,DormantUser,Female,"Gadchiroli , Maharashtra",1942-11-12,83,2022-10-26,2022-10-26,Excluded,True
D0005,DormantUser,Female,"Nandurbar , Maharashtra",1959-03-14,66,2022-10-26,2022-10-26,Excluded,True
A0370,Meera,Female,"Wardha , Maharashtra",1954-04-24,71,2017-12-03,2023-07-23,AtRisk,False
D0004,DormantUser,Female,"Parbhani , Maharashtra",1945-04-06,80,2022-10-26,2022-10-26,Excluded,True
D0002,DormantUser,Female,"Parbhani , Maharashtra",1965-04-02,60,2022-10-26,2022-10-26,Excluded,True
D0003,DormantUser,Female,"Gadchiroli , Maharashtra",1944-11-04,81,2022-10-26,2022-10-26,Excluded,True
D0002,DormantUser,Female,"Dhule , Maharashtra",1952-03-17,73,2022-10-26,2022-10-26,Excluded,True
A0089,Saanvi,Female,"Nandurbar , Maharashtra",1963-09-14,62,2020-07-31,2021-05-04,Active,False
D0001,DormantUser,Female,"Wardha , Maharashtra",1953-06-15,72,2022-10-26,2022-10-26,Excluded,True
D0004,DormantUser,Female,"Melghat , Maharashtra",1965-06-13,60,2022-10-26,2022-10-26,Excluded,True
D0002,DormantUser,Female,"Washim , Maharashtra",1950-01-28,75,2022-10-26,2022-10-26,Excluded,True
A0199,Aarav,Male,"Nandurbar , Maharashtra",1949-09-01,76,2019-05-02,2023-07-23,AtRisk,False
A0111,Siddharth,Male,"Hingoli , Maharashtra",1970-09-11,55,2017-11-10,2017-12-10,AtRisk,False
A0036,Kabir,Male,"Hingoli , Maharashtra",1992-08-26,33,2021-01-24,2021-01-24,Excluded,False
D0005,DormantUser,Female,"Wardha , Maharashtra",1953-03-28,72,2022-10-26,2022-10-26,Excluded,True
A0240,Rohan,Male,"Washim , Maharashtra",1978-05-26,47,2022-10-03,2022-10-03,Excluded,False
D0001,DormantUser,Female,"Gadchiroli , Maharashtra",1943-03-22,82,2022-10-26,2022-10-26,Excluded,True
A0077,Rohan,Male,"Melghat , Maharashtra",1961-07-05,64,2020-03-01,2021-02-03,Active,False
D0005,DormantUser,Female,"Melghat , Maharashtra",1944-10-18,81,2022-10-26,2022-10-26,Excluded,True
D0001,DormantUser,Female,"Gadchiroli , Maharashtra",1954-04-18,71,2022-10-26,2022-10-26,Excluded,True
D0001,DormantUser,Female,"Yavatmal, Maharashtra",1963-07-17,62,2022-10-26,2022-10-26,Excluded,True
D0005,DormantUser,Female,"Yavatmal, Maharashtra",1944-04-15,81,2022-10-26,2022-10-26,Excluded,True
A0075,Aarav,Male,"Gadchiroli , Maharashtra",1955-01-24,70,2017-10-29,2018-11-12,Active,False
A0216,Aditya,Male,"Washim , Maharashtra",1987-08-01,38,2021-02-11,2021-03-13,AtRisk,False
D0001,DormantUser,Female,"Yavatmal, Maharashtra",1953-06-22,72,2022-10-26,2022-10-26,Excluded,True
A0097,Priya,Female,"Washim , Maharashtra",2007-11-14,18,2021-02-05,2022-04-03,Active,False
D0004,DormantUser,Female,"Nandurbar , Maharashtra",1955-12-17,70,2022-10-26,2022-10-26,Excluded,True
A0334,Saanvi,Female,"Wardha , Maharashtra",1990-04-08,35,2022-09-17,2022-10-17,AtRisk,False
D0004,DormantUser,Female,"Buldhana , Maharashtra",1964-06-12,61,2022-10-26,2022-10-26,Excluded,True
D0005,DormantUser,Female,"Nandurbar , Maharashtra",1943-04-11,82,2022-10-26,2022-10-26,Excluded,True
D0005,DormantUser,Female,"Yavatmal, Maharashtra",1948-09-11,77,2022-10-26,2022-10-26,Excluded,True
A0137,Arjun,Male,"Gadchiroli , Maharashtra",1976-12-23,49,2017-07-03,2018-08-06,Active,False
A0268,Trisha,Female,"Melghat , Maharashtra",2001-02-21,24,2022-11-05,2023-09-09,Active,False
D0001,DormantUser,Female,"Buldhana , Maharashtra",1942-12-04,83,2022-10-26,2022-10-26,Excluded,True
D0002,DormantUser,Female,"Parbhani , Maharashtra",1942-04-14,83,2022-10-26,2022-10-26,Excluded,True
A0157,Divya,Female,"Wardha , Maharashtra",1991-07-24,34,2019-11-05,2020-08-05,Active,False
D0003,DormantUser,Female,"Gadchiroli , Maharashtra",1957-10-20,68,2022-10-26,2022-10-26,Excluded,True
D0003,DormantUser,Female,"Hingoli , Maharashtra",1940-03-23,85,2022-10-26,2022-10-26,Excluded,True
D0003,DormantUser,Female,"Yavatmal, Maharashtra",1949-12-01,76,2022-10-26,2022-10-26,Excluded,True
D0005,DormantUser,Female,"Wardha , Maharashtra",1963-10-27,62,2022-10-26,2022-10-26,Excluded,True
D0002,DormantUser,Female,"Parbhani , Maharashtra",1963-07-10,62,2022-10-26,2022-10-26,Excluded,True
D0001,DormantUser,Female,"Hingoli , Maharashtra",1942-09-28,83,2022-10-26,2022-10-26,Excluded,True
D0001,DormantUser,Female,"Melghat , Maharashtra",1962-02-22,63,2022-10-26,2022-10-26,Excluded,True
D0004,DormantUser,Female,"Washim , Maharashtra",1945-05-19,80,2022-10-26,2022-10-26,Excluded,True
D0003,DormantUser,Female,"Wardha , Maharashtra",1958-10-20,67,2022-10-26,2022-10-26,Excluded,True
D0005,DormantUser,Female,"Gadchiroli , Maharashtra",1952-11-28,73,2022-10-26,2022-10-26,Excluded,True
D0004,DormantUser,Female,"Wardha , Maharashtra",1947-08-15,78,2022-10-26,2022-10-26,Excluded,True
D0003,DormantUser,Female,"Gadchiroli , Maharashtra",1945-08-19,80,2022-10-26,2022-10-26,Excluded,True
D0002,DormantUser,Female,"Hingoli , Maharashtra",1942-08-15,83,2022-10-26,2022-10-26,Excluded,True
D0005,DormantUser,Female,"Parbhani , Maharashtra",1964-11-13,61,2022-10-26,2022-10-26,Excluded,True
D0001,DormantUser,Female,"Nandurbar , Maharashtra",1959-09-12,66,2022-10-26,2022-10-26,Excluded,True
D0002,DormantUser,Female,"Buldhana , Maharashtra",1965-11-23,60,2022-10-26,2022-10-26,Excluded,True
D0001,DormantUser,Female,"Hingoli , Maharashtra",1944-02-26,81,2022-10-26,2022-10-26,Excluded,True
D0005,DormantUser,Female,"Nandurbar , Maharashtra",1946-03-03,79,2022-10-26,2022-10-26,Excluded,True
D0004,DormantUser,Female,"Gadchiroli , Maharashtra",1944-12-07,81,2022-10-26,2022-10-26,Excluded,True
A0225,Meera,Female,"Melghat , Maharashtra",1968-11-12,57,2022-04-23,2022-05-23,AtRisk,False
D0002,DormantUser,Female,"Parbhani , Maharashtra",1947-08-12,78,2022-10-26,2022-10-26,Excluded,True
D0003,DormantUser,Female,"Wardha , Maharashtra",1952-08-22,73,2022-10-26,2022-10-26,Excluded,True
A0172,Trisha,Female,"Hingoli , Maharashtra",1955-04-21,70,2020-09-15,2020-09-15,Excluded,False
D0002,DormantUser,Female,"Wardha , Maharashtra",1958-03-22,67,2022-10-26,2022-10-26,Excluded,True
D0001,DormantUser,Female,"Washim , Maharashtra",1945-02-12,80,2022-10-26,2022-10-26,Excluded,True
D0004,DormantUser,Female,"Hingoli , Maharashtra",1948-01-12,77,2022-10-26,2022-10-26,Excluded,True
D0005,DormantUser,Female,"Gadchiroli , Maharashtra",1959-10-27,66,2022-10-26,2022-10-26,Excluded,True
D0001,DormantUser,Female,"Dhule , Maharashtra",1951-11-19,74,2022-10-26,2022-10-26,Excluded,True
D0005,DormantUser,Female,"Parbhani , Maharashtra",1952-05-15,73,2022-10-26,2022-10-26,Excluded,True
D0002,DormantUser,Female,"Washim , Maharashtra",1943-07-03,82,2022-10-26,2022-10-26,Excluded,True
D0004,DormantUser,Female,"Dhule , Maharashtra",1948-03-10,77,2022-10-26,2022-10-26,Excluded,True
A0159,Rohan,Male,"Melghat , Maharashtra",2000-08-08,25,2022-10-07,2022-11-06,AtRisk,False
A0238,Saanvi,Female,"Hingoli , Maharashtra",1952-10-28,73,2019-03-25,2020-05-21,Active,False
D0005,DormantUser,Female,"Melghat , Maharashtra",1963-08-12,62,2022-10-26,2022-10-26,Excluded,True
D0003,DormantUser,Female,"Yavatmal, Maharashtra",1950-01-04,75,2022-10-26,2022-10-26,Excluded,True
D0004,DormantUser,Female,"Parbhani , Maharashtra",1958-07-03,67,2022-10-26,2022-10-26,Excluded,True
A0118,Trisha,Female,"Wardha , Maharashtra",1972-06-07,53,2017-08-16,2017-08-16,Excluded,False
D0004,DormantUser,Female,"Hingoli , Maharashtra",1945-04-07,80,2022-10-26,2022-10-26,Excluded,True
A0152,Kavya,Female,"Washim , Maharashtra",1989-03-27,36,2020-05-12,2020-06-25,Active,False
D0003,DormantUser,Female,"Dhule , Maharashtra",1962-10-01,63,2022-10-26,2022-10-26,Excluded,True
A0194,Kavya,Female,"Yavatmal, Maharashtra",1977-04-19,48,2022-12-15,2023-03-02,Active,False
D0005,DormantUser,Female,"Gadchiroli , Maharashtra",1957-03-14,68,2022-10-26,2022-10-26,Excluded,True
D0001,DormantUser,Female,"Melghat , Maharashtra",1965-09-23,60,2022-10-26,2022-10-26,Excluded,True
D0005,DormantUser,Female,"Nandurbar , Maharashtra",1944-10-22,81,2022-10-26,2022-10-26,Excluded,True
A0162,Manoj,Male,"Wardha , Maharashtra",2001-10-26,24,2021-03-13,2021-04-12,AtRisk,False
D0004,DormantUser,Female,"Parbhani , Maharashtra",1958-10-13,67,2022-10-26,2022-10-26,Excluded,True
D0004,DormantUser,Female,"Buldhana , Maharashtra",1961-12-01,64,2022-10-26,2022-10-26,Excluded,True
D0001,DormantUser,Female,"Nandurbar , Maharashtra",1959-08-12,66,2022-10-26,2022-10-26,Excluded,True
A0152,Kavya,Female,"Washim , Maharashtra",1989-03-27,36,2020-05-12,2020-06-25,Active,False
D0002,DormantUser,Female,"Parbhani , Maharashtra",1962-02-01,63,2022-10-26,2022-10-26,Excluded,True
D0004,DormantUser,Female,"Buldhana , Maharashtra",1962-02-02,63,2022-10-26,2022-10-26,Excluded,True
D0004,DormantUser,Female,"Parbhani , Maharashtra",1944-09-09,81,2022-10-26,2022-10-26,Excluded,True
D0005,DormantUser,Female,"Melghat , Maharashtra",1960-07-21,65,2022-10-26,2022-10-26,Excluded,True
D0001,DormantUser,Female,"Melghat , Maharashtra",1952-03-19,73,2022-10-26,2022-10-26,Excluded,True
D0001,DormantUser,Female,"Melghat , Maharashtra",1963-02-14,62,2022-10-26,2022-10-26,Excluded,True
A0127,Raj,Male,"Washim , Maharashtra",1973-11-27,52,2020-06-23,2024-01-22,AtRisk,False
A0171,Neha,Female,"Hingoli , Maharashtra",1946-06-13,79,2018-01-16,2018-07-30,Active,False
D0003,DormantUser,Female,"Washim , Maharashtra",1965-10-21,60,2022-10-26,2022-10-26,Excluded,True
D0005,DormantUser,Female,"Wardha , Maharashtra",1955-09-21,70,2022-10-26,2022-10-26,Excluded,True
A0083,Saanvi,Female,"Wardha , Maharashtra",1993-06-23,32,2019-07-20,2020-06-16,Active,False
D0002,DormantUser,Female,"Hingoli , Maharashtra",1955-04-24,70,2022-10-26,2022-10-26,Excluded,True
D0003,DormantUser,Female,"Nandurbar , Maharashtra",1948-02-15,77,2022-10-26,2022-10-26,Excluded,True
D0002,DormantUser,Female,"Gadchiroli , Maharashtra",1963-03-06,62,2022-10-26,2022-10-26,Excluded,True
D0002,DormantUser,Female,"Wardha , Maharashtra",1954-02-24,71,2022-10-26,2022-10-26,Excluded,True
D0005,DormantUser,Female,"Hingoli , Maharashtra",1943-06-28,82,2022-10-26,2022-10-26,Excluded,True
D0003,DormantUser,Female,"Nandurbar , Maharashtra",1962-01-07,63,2022-10-26,2022-10-26,Excluded,True
D0003,DormantUser,Female,"Washim , Maharashtra",1964-10-04,61,2022-10-26,2022-10-26,Excluded,True
A0142,Anjali,Female,"Yavatmal, Maharashtra",1942-03-03,83,2021-04-17,2023-07-23,AtRisk,False
D0002,DormantUser,Female,"Wardha , Maharashtra",1944-11-03,81,2022-10-26,2022-10-26,Excluded,True
A0250,Meera,Female,"Wardha , Maharashtra",2006-07-26,19,2019-01-15,2019-02-14,AtRisk,False
D0002,DormantUser,Female,"Dhule , Maharashtra",1942-09-10,83,2022-10-26,2022-10-26,Excluded,True
A0065,Kavya,Female,"Yavatmal, Maharashtra",1980-06-11,45,2020-04-22,2021-01-16,Active,False
A0173,Kabir,Male,"Buldhana , Maharashtra",1972-09-02,53,2017-10-07,2018-10-23,Active,False
D0002,DormantUser,Female,"Yavatmal, Maharashtra",1946-06-08,79,2022-10-26,2022-10-26,Excluded,True
D0004,DormantUser,Female,"Nandurbar , Maharashtra",1956-05-14,69,2022-10-26,2022-10-26,Excluded,True
D0002,DormantUser,Female,"Nandurbar , Maharashtra",1947-02-05,78,2022-10-26,2022-10-26,Excluded,True
D0001,DormantUser,Female,"Wardha , Maharashtra",1951-07-02,74,2022-10-26,2022-10-26,Excluded,True
A0079,Arjun,Male,"Buldhana , Maharashtra",1970-08-25,55,2022-09-15,2022-10-15,AtRisk,False
D0002,DormantUser,Female,"Gadchiroli , Maharashtra",1946-09-22,79,2022-10-26,2022-10-26,Excluded,True
D0003,DormantUser,Female,"Dhule , Maharashtra",1959-04-06,66,2022-10-26,2022-10-26,Excluded,True
D0004,DormantUser,Female,"Gadchiroli , Maharashtra",1948-03-06,77,2022-10-26,2022-10-26,Excluded,True
D0005,DormantUser,Female,"Buldhana , Maharashtra",1960-08-06,65,2022-10-26,2022-10-26,Excluded,True
A0291,Saanvi,Female,"Nandurbar , Maharashtra",1952-07-20,73,2022-05-11,2022-07-11,Active,False
D0003,DormantUser,Female,"Washim , Maharashtra",1957-08-07,68,2022-10-26,2022-10-26,Excluded,True
A0364,Manoj,Male,"Washim , Maharashtra",2007-10-15,18,2020-12-06,2022-01-17,Active,False
A0251,Priya,Female,"Yavatmal, Maharashtra",1990-02-17,35,2019-02-18,2019-12-25,Active,False
D0004,DormantUser,Female,"Parbhani , Maharashtra",1964-02-14,61,2022-10-26,2022-10-26,Excluded,True
A0352,Isha,Female,"Washim , Maharashtra",1966-03-14,59,2018-11-21,2018-12-21,AtRisk,False
D0005,DormantUser,Female,"Nandurbar , Maharashtra",1942-09-05,83,2022-10-26,2022-10-26,Excluded,True
D0003,DormantUser,Female,"Dhule , Maharashtra",1948-07-02,77,2022-10-26,2022-10-26,Excluded,True
A0143,Divya,Female,"Hingoli , Maharashtra",1995-05-21,30,2022-02-22,2022-11-24,Active,False
D0004,DormantUser,Female,"Wardha , Maharashtra",1942-05-25,83,2022-10-26,2022-10-26,Excluded,True
A0074,Divya,Female,"Gadchiroli , Maharashtra",1976-11-09,49,2022-05-02,2022-12-06,Active,False
D0004,DormantUser,Female,"Wardha , Maharashtra",1954-11-06,71,2022-10-26,2022-10-26,Excluded,True
A0251,Priya,Female,"Yavatmal, Maharashtra",1990-02-17,35,2019-02-18,2020-04-01,Active,False
A0325,Neha,Female,"Dhule , Maharashtra",1959-11-19,66,2020-08-19,2021-01-04,Active,False
D0003,DormantUser,Female,"Parbhani , Maharashtra",1960-05-27,65,2022-10-26,2022-10-26,Excluded,True
A0127,Raj,Male,"Washim , Maharashtra",1973-11-27,52,2020-06-23,2020-07-23,AtRisk,False
A0311,Kavya,Female,"Washim , Maharashtra",1946-09-09,79,2022-07-19,2022-07-19,Excluded,False
A0121,Anjali,Female,"Wardha , Maharashtra",1967-05-21,58,2018-05-08,2024-01-22,AtRisk,False
D0002,DormantUser,Female,"Hingoli , Maharashtra",1955-01-27,70,2022-10-26,2022-10-26,Excluded,True
D0004,DormantUser,Female,"Parbhani , Maharashtra",1958-10-13,67,2022-10-26,2022-10-26,Excluded,True
A0388,Arjun,Male,"Melghat , Maharashtra",1961-07-18,64,2017-08-24,2018-02-19,Active,False
A0343,Manoj,Male,"Melghat , Maharashtra",1957-09-25,68,2021-12-18,2022-03-17,Active,False
D0001,DormantUser,Female,"Gadchiroli , Maharashtra",1958-05-27,67,2022-10-26,2022-10-26,Excluded,True
D0001,DormantUser,Female,"Buldhana , Maharashtra",1947-06-18,78,2022-10-26,2022-10-26,Excluded,True
A0388,Arjun,Male,"Melghat , Maharashtra",1961-07-18,64,2017-08-24,2018-06-01,Active,False
D0003,DormantUser,Female,"Melghat , Maharashtra",1963-05-21,62,2022-10-26,2022-10-26,Excluded,True
D0004,DormantUser,Female,"Buldhana , Maharashtra",1946-08-05,79,2022-10-26,2022-10-26,Excluded,True
D0003,DormantUser,Female,"Gadchiroli , Maharashtra",1965-09-23,60,2022-10-26,2022-10-26,Excluded,True
A0168,Siddharth,Male,"Dhule , Maharashtra",1999-03-05,26,2021-03-20,2024-01-22,AtRisk,False
A0150,Rohan,Male,"Dhule , Maharashtra",2000-12-03,25,2022-03-07,2022-07-04,Active,False
D0005,DormantUser,Female,"Washim , Maharashtra",1951-01-27,74,2022-10-26,2022-10-26,Excluded,True
A0345,Divya,Female,"Yavatmal, Maharashtra",1989-09-27,36,2021-01-25,2022-04-21,Active,False
D0002,DormantUser,Female,"Dhule , Maharashtra",1959-04-26,66,2022-10-26,2022-10-26,Excluded,True
D0004,DormantUser,Female,"Wardha , Maharashtra",1950-01-16,75,2022-10-26,2022-10-26,Excluded,True
D0003,DormantUser,Female,"Yavatmal, Maharashtra",1957-03-01,68,2022-10-26,2022-10-26,Excluded,True
D0004,DormantUser,Female,"Gadchiroli , Maharashtra",1955-09-06,70,2022-10-26,2022-10-26,Excluded,True
D0002,DormantUser,Female,"Hingoli , Maharashtra",1952-11-05,73,2022-10-26,2022-10-26,Excluded,True
D0003,DormantUser,Female,"Yavatmal, Maharashtra",1949-12-01,76,2022-10-26,2022-10-26,Excluded,True
D0004,DormantUser,Female,"Yavatmal, Maharashtra",1954-02-02,71,2022-10-26,2022-10-26,Excluded,True
D0004,DormantUser,Female,"Washim , Maharashtra",1942-09-05,83,2022-10-26,2022-10-26,Excluded,True
D0005,DormantUser,Female,"Nandurbar , Maharashtra",1950-05-20,75,2022-10-26,2022-10-26,Excluded,True
D0005,DormantUser,Female,"Nandurbar , Maharashtra",1965-10-20,60,2022-10-26,2022-10-26,Excluded,True
D0001,DormantUser,Female,"Nandurbar , Maharashtra",1959-10-06,66,2022-10-26,2022-10-26,Excluded,True
A0017,Siddharth,Male,"Hingoli , Maharashtra",1951-04-08,74,2021-08-27,2022-03-21,Active,False
D0005,DormantUser,Female,"Parbhani , Maharashtra",1959-04-08,66,2022-10-26,2022-10-26,Excluded,True
D0001,DormantUser,Female,"Hingoli , Maharashtra",1954-07-05,71,2022-10-26,2022-10-26,Excluded,True
D0001,DormantUser,Female,"Melghat , Maharashtra",1961-06-08,64,2022-10-26,2022-10-26,Excluded,True
D0001,DormantUser,Female,"Buldhana , Maharashtra",1958-06-28,67,2022-10-26,2022-10-26,Excluded,True
D0004,DormantUser,Female,"Dhule , Maharashtra",1952-09-16,73,2022-10-26,2022-10-26,Excluded,True
D0001,DormantUser,Female,"Yavatmal, Maharashtra",1959-01-15,66,2022-10-26,2022-10-26,Excluded,True
D0003,DormantUser,Female,"Dhule , Maharashtra",1963-03-13,62,2022-10-26,2022-10-26,Excluded,True
A0096,Meera,Female,"Melghat , Maharashtra",1961-02-22,64,2021-02-23,2021-12-14,Active,False
A0266,Anjali,Female,"Nandurbar , Maharashtra",1946-12-08,79,2021-01-03,2023-07-23,AtRisk,False
A0354,Isha,Female,"Washim , Maharashtra",1969-09-12,56,2017-08-12,2018-07-20,Active,False
D0005,DormantUser,Female,"Buldhana , Maharashtra",1950-09-01,75,2022-10-26,2022-10-26,Excluded,True
D0001,DormantUser,Female,"Buldhana , Maharashtra",1954-03-23,71,2022-10-26,2022-10-26,Excluded,True
A0158,Kavya,Female,"Melghat , Maharashtra",1994-10-09,31,2019-10-04,2020-02-27,Active,False
D0004,DormantUser,Female,"Dhule , Maharashtra",1956-02-15,69,2022-10-26,2022-10-26,Excluded,True
A0138,Ravi,Male,"Hingoli , Maharashtra",1957-10-23,68,2018-08-04,2018-11-17,Active,False
A0142,Anjali,Female,"Yavatmal, Maharashtra",1942-03-03,83,2021-04-17,2023-07-23,AtRisk,False
D0004,DormantUser,Female,"Dhule , Maharashtra",1959-05-01,66,2022-10-26,2022-10-26,Excluded,True
D0002,DormantUser,Female,"Hingoli , Maharashtra",1955-01-27,70,2022-10-26,2022-10-26,Excluded,True
A0384,Divya,Female,"Nandurbar , Maharashtra",1951-06-25,74,2021-10-13,2022-08-29,Active,False
D0002,DormantUser,Female,"Gadchiroli , Maharashtra",1949-07-16,76,2022-10-26,2022-10-26,Excluded,True
D0003,DormantUser,Female,"Parbhani , Maharashtra",1965-12-24,60,2022-10-26,2022-10-26,Excluded,True
D0004,DormantUser,Female,"Dhule , Maharashtra",1940-06-20,85,2022-10-26,2022-10-26,Excluded,True
D0001,DormantUser,Female,"Parbhani , Maharashtra",1963-11-26,62,2022-10-26,2022-10-26,Excluded,True
D0005,DormantUser,Female,"Wardha , Maharashtra",1959-11-03,66,2022-10-26,2022-10-26,Excluded,True
D0001,DormantUser,Female,"Washim , Maharashtra",1941-02-21,84,2022-10-26,2022-10-26,Excluded,True
D0002,DormantUser,Female,"Parbhani , Maharashtra",1942-04-11,83,2022-10-26,2022-10-26,Excluded,True
D0001,DormantUser,Female,"Parbhani , Maharashtra",1946-10-07,79,2022-10-26,2022-10-26,Excluded,True
A0085,Aditya,Male,"Gadchiroli , Maharashtra",1945-08-26,80,2021-10-16,2022-06-29,Active,False
D0004,DormantUser,Female,"Nandurbar , Maharashtra",1965-03-06,60,2022-10-26,2022-10-26,Excluded,True
D0001,DormantUser,Female,"Yavatmal, Maharashtra",1959-01-15,66,2022-10-26,2022-10-26,Excluded,True
D0002,DormantUser,Female,"Wardha , Maharashtra",1962-03-25,63,2022-10-26,2022-10-26,Excluded,True
D0002,DormantUser,Female,"Dhule , Maharashtra",1958-12-28,67,2022-10-26,2022-10-26,Excluded,True
A0099,Priya,Female,"Gadchiroli , Maharashtra",1950-06-11,75,2021-06-08,2021-07-27,Active,False
D0005,DormantUser,Female,"Buldhana , Maharashtra",1942-08-12,83,2022-10-26,2022-10-26,Excluded,True
D0002,DormantUser,Female,"Gadchiroli , Maharashtra",1946-09-22,79,2022-10-26,2022-10-26,Excluded,True
D0001,DormantUser,Female,"Wardha , Maharashtra",1947-09-06,78,2022-10-26,2022-10-26,Excluded,True
D0002,DormantUser,Female,"Yavatmal, Maharashtra",1952-03-23,73,2022-10-26,2022-10-26,Excluded,True
D0004,DormantUser,Female,"Gadchiroli , Maharashtra",1944-12-05,81,2022-10-26,2022-10-26,Excluded,True
D0001,DormantUser,Female,"Gadchiroli , Maharashtra",1947-12-28,78,2022-10-26,2022-10-26,Excluded,True
A0354,Isha,Female,"Washim , Maharashtra",1969-09-12,56,2017-08-12,2017-11-17,Active,False
D0005,DormantUser,Female,"Nandurbar , Maharashtra",1965-02-11,60,2022-10-26,2022-10-26,Excluded,True
D0004,DormantUser,Female,"Gadchiroli , Maharashtra",1952-11-08,73,2022-10-26,2022-10-26,Excluded,True
D0004,DormantUser,Female,"Nandurbar , Maharashtra",1956-09-20,69,2022-10-26,2022-10-26,Excluded,True
A0121,Anjali,Female,"Wardha , Maharashtra",1967-05-21,58,2018-05-08,2018-06-07,AtRisk,False
D0004,DormantUser,Female,"Hingoli , Maharashtra",1963-01-07,62,2022-10-26,2022-10-26,Excluded,True
A0021,Sneha,Female,"Nandurbar , Maharashtra",1964-02-14,61,2020-07-29,2021-01-19,Active,False
D0003,DormantUser,Female,"Buldhana , Maharashtra",1963-11-05,62,2022-10-26,2022-10-26,Excluded,True
D0001,DormantUser,Female,"Wardha , Maharashtra",1947-09-06,78,2022-10-26,2022-10-26,Excluded,True
D0005,DormantUser,Female,"Hingoli , Maharashtra",1963-06-06,62,2022-10-26,2022-10-26,Excluded,True
D0003,DormantUser,Female,"Gadchiroli , Maharashtra",1951-08-28,74,2022-10-26,2022-10-26,Excluded,True
D0003,DormantUser,Female,"Wardha , Maharashtra",1958-06-15,67,2022-10-26,2022-10-26,Excluded,True
D0002,DormantUser,Female,"Gadchiroli , Maharashtra",1943-05-06,82,2022-10-26,2022-10-26,Excluded,True
D0004,DormantUser,Female,"Gadchiroli , Maharashtra",1963-08-22,62,2022-10-26,2022-10-26,Excluded,True
D0005,DormantUser,Female,"Hingoli , Maharashtra",1955-05-23,70,2022-10-26,2022-10-26,Excluded,True
D0004,DormantUser,Female,"Yavatmal, Maharashtra",1942-04-20,83,2022-10-26,2022-10-26,Excluded,True
D0001,DormantUser,Female,"Dhule , Maharashtra",1964-07-16,61,2022-10-26,2022-10-26,Excluded,True
D0002,DormantUser,Female,"Parbhani , Maharashtra",1962-02-01,63,2022-10-26,2022-10-26,Excluded,True
D0005,DormantUser,Female,"Hingoli , Maharashtra",1964-03-21,61,2022-10-26,2022-10-26,Excluded,True
D0005,DormantUser,Female,"Hingoli , Maharashtra",1957-08-27,68,2022-10-26,2022-10-26,Excluded,True
D0005,DormantUser,Female,"Melghat , Maharashtra",1963-08-07,62,2022-10-26,2022-10-26,Excluded,True
D0001,DormantUser,Female,"Buldhana , Maharashtra",1945-09-08,80,2022-10-26,2022-10-26,Excluded,True
D0003,DormantUser,Female,"Dhule , Maharashtra",1940-08-10,85,2022-10-26,2022-10-26,Excluded,True
D0001,DormantUser,Female,"Parbhani , Maharashtra",1946-06-02,79,2022-10-26,2022-10-26,Excluded,True
D0001,DormantUser,Female,"Buldhana , Maharashtra",1965-05-08,60,2022-10-26,2022-10-26,Excluded,True
A0135,Anjali,Female,"Washim , Maharashtra",1979-03-27,46,2022-11-16,2023-03-27,Active,False
D0004,DormantUser,Female,"Melghat , Maharashtra",1964-06-25,61,2022-10-26,2022-10-26,Excluded,True
D0005,DormantUser,Female,"Hingoli , Maharashtra",1959-11-17,66,2022-10-26,2022-10-26,Excluded,True
A0169,Trisha,Female,"Dhule , Maharashtra",1942-05-15,83,2023-03-09,2023-03-09,Excluded,False
A0236,Kavya,Female,"Wardha , Maharashtra",1993-10-27,32,2023-01-23,2023-08-09,Active,False
A0168,Siddharth,Male,"Dhule , Maharashtra",1999-03-05,26,2021-03-20,2024-01-22,AtRisk,False
D0004,DormantUser,Female,"Nandurbar , Maharashtra",1958-02-03,67,2022-10-26,2022-10-26,Excluded,True
A0200,Meera,Female,"Parbhani , Maharashtra",1940-11-22,85,2019-08-10,2020-06-20,Active,False
D0005,DormantUser,Female,"Hingoli , Maharashtra",1949-11-01,76,2022-10-26,2022-10-26,Excluded,True
D0004,DormantUser,Female,"Gadchiroli , Maharashtra",1958-04-15,67,2022-10-26,2022-10-26,Excluded,True
D0003,DormantUser,Female,"Parbhani , Maharashtra",1958-05-12,67,2022-10-26,2022-10-26,Excluded,True
D0004,DormantUser,Female,"Washim , Maharashtra",1947-08-07,78,2022-10-26,2022-10-26,Excluded,True
A0204,Trisha,Female,"Wardha , Maharashtra",1970-05-17,55,2022-12-23,2023-11-12,Active,False
D0005,DormantUser,Female,"Yavatmal, Maharashtra",1955-02-04,70,2022-10-26,2022-10-26,Excluded,True
D0004,DormantUser,Female,"Melghat , Maharashtra",1965-01-19,60,2022-10-26,2022-10-26,Excluded,True
D0002,DormantUser,Female,"Dhule , Maharashtra",1952-12-26,73,2022-10-26,2022-10-26,Excluded,True
D0002,DormantUser,Female,"Wardha , Maharashtra",1964-02-26,61,2022-10-26,2022-10-26,Excluded,True
D0002,DormantUser,Female,"Wardha , Maharashtra",1962-03-25,63,2022-10-26,2022-10-26,Excluded,True
A0072,Divya,Female,"Nandurbar , Maharashtra",1988-05-25,37,2018-10-27,2018-11-26,AtRisk,False
D0003,DormantUser,Female,"Gadchiroli , Maharashtra",1956-04-21,69,2022-10-26,2022-10-26,Excluded,True
D0002,DormantUser,Female,"Melghat , Maharashtra",1957-08-04,68,2022-10-26,2022-10-26,Excluded,True
D0003,DormantUser,Female,"Wardha , Maharashtra",1946-04-08,79,2022-10-26,2022-10-26,Excluded,True
D0001,DormantUser,Female,"Melghat , Maharashtra",1943-04-27,82,2022-10-26,2022-10-26,Excluded,True
D0004,DormantUser,Female,"Dhule , Maharashtra",1954-06-07,71,2022-10-26,2022-10-26,Excluded,True
A0257,Anjali,Female,"Buldhana , Maharashtra",1954-11-16,71,2017-11-29,2023-07-23,AtRisk,False
D0004,DormantUser,Female,"Hingoli , Maharashtra",1945-04-07,80,2022-10-26,2022-10-26,Excluded,True
D0002,DormantUser,Female,"Yavatmal, Maharashtra",1952-03-23,73,2022-10-26,2022-10-26,Excluded,True
A0170,Trisha,Female,"Melghat , Maharashtra",1969-06-20,56,2022-08-23,2023-09-25,Active,False
D0001,DormantUser,Female,"Nandurbar , Maharashtra",1950-12-01,75,2022-10-26,2022-10-26,Excluded,True
D0005,DormantUser,Female,"Buldhana , Maharashtra",1958-07-15,67,2022-10-26,2022-10-26,Excluded,True
A0101,Manoj,Male,"Melghat , Maharashtra",1962-02-22,63,2017-05-07,2023-07-23,AtRisk,False
D0004,DormantUser,Female,"Melghat , Maharashtra",1951-07-22,74,2022-10-26,2022-10-26,Excluded,True
D0004,DormantUser,Female,"Melghat , Maharashtra",1942-03-07,83,2022-10-26,2022-10-26,Excluded,True
A0025,Anjali,Female,"Hingoli , Maharashtra",1958-05-02,67,2017-05-07,2018-05-21,Active,False
D0005,DormantUser,Female,"Parbhani , Maharashtra",1943-01-10,82,2022-10-26,2022-10-26,Excluded,True
D0004,DormantUser,Female,"Gadchiroli , Maharashtra",1955-09-06,70,2022-10-26,2022-10-26,Excluded,True
D0003,DormantUser,Female,"Nandurbar , Maharashtra",1962-01-07,63,2022-10-26,2022-10-26,Excluded,True
A0152,Kavya,Female,"Washim , Maharashtra",1989-03-27,36,2020-05-12,2020-06-25,Active,False
A0237,Neha,Female,"Parbhani , Maharashtra",1953-03-26,72,2021-02-14,2021-04-19,Active,False
A0357,Vikram,Male,"Nandurbar , Maharashtra",1990-06-11,35,2020-01-19,2020-01-19,Excluded,False
D0002,DormantUser,Female,"Parbhani , Maharashtra",1957-09-15,68,2022-10-26,2022-10-26,Excluded,True
D0004,DormantUser,Female,"Melghat , Maharashtra",1952-11-25,73,2022-10-26,2022-10-26,Excluded,True
D0005,DormantUser,Female,"Parbhani , Maharashtra",1947-02-07,78,2022-10-26,2022-10-26,Excluded,True
A0196,Kabir,Male,"Dhule , Maharashtra",2000-03-28,25,2021-10-17,2022-04-02,Active,False
D0001,DormantUser,Female,"Buldhana , Maharashtra",1942-06-08,83,2022-10-26,2022-10-26,Excluded,True
D0005,DormantUser,Female,"Wardha , Maharashtra",1944-11-15,81,2022-10-26,2022-10-26,Excluded,True
D0003,DormantUser,Female,"Parbhani , Maharashtra",1956-09-14,69,2022-10-26,2022-10-26,Excluded,True
D0002,DormantUser,Female,"Hingoli , Maharashtra",1947-10-04,78,2022-10-26,2022-10-26,Excluded,True
D0002,DormantUser,Female,"Parbhani , Maharashtra",1964-12-17,61,2022-10-26,2022-10-26,Excluded,True
D0004,DormantUser,Female,"Washim , Maharashtra",1965-08-09,60,2022-10-26,2022-10-26,Excluded,True
D0001,DormantUser,Female,"Gadchiroli , Maharashtra",1941-02-24,84,2022-10-26,2022-10-26,Excluded,True
D0001,DormantUser,Female,"Washim , Maharashtra",1953-03-17,72,2022-10-26,2022-10-26,Excluded,True
A0117,Meera,Female,"Gadchiroli , Maharashtra",1960-05-19,65,2022-12-21,2023-01-20,AtRisk,False
D0002,DormantUser,Female,"Wardha , Maharashtra",1960-09-12,65,2022-10-26,2022-10-26,Excluded,True
D0001,DormantUser,Female,"Buldhana , Maharashtra",1940-08-28,85,2022-10-26,2022-10-26,Excluded,True
D0004,DormantUser,Female,"Buldhana , Maharashtra",1959-07-02,66,2022-10-26,2022-10-26,Excluded,True
D0005,DormantUser,Female,"Buldhana , Maharashtra",1955-12-18,70,2022-10-26,2022-10-26,Excluded,True
D0004,DormantUser,Female,"Parbhani , Maharashtra",1960-07-19,65,2022-10-26,2022-10-26,Excluded,True
A0097,Priya,Female,"Washim , Maharashtra",2007-11-14,18,2021-02-05,2022-04-03,Active,False
D0001,DormantUser,Female,"Melghat , Maharashtra",1951-10-01,74,2022-10-26,2022-10-26,Excluded,True
D0001,DormantUser,Female,"Hingoli , Maharashtra",1945-03-11,80,2022-10-26,2022-10-26,Excluded,True
D0004,DormantUser,Female,"Nandurbar , Maharashtra",1952-07-16,73,2022-10-26,2022-10-26,Excluded,True
D0003,DormantUser,Female,"Buldhana , Maharashtra",1953-10-13,72,2022-10-26,2022-10-26,Excluded,True
D0002,DormantUser,Female,"Buldhana , Maharashtra",1949-10-24,76,2022-10-26,2022-10-26,Excluded,True
A0012,Rohan,Male,"Gadchiroli , Maharashtra",1954-01-07,71,2021-06-03,2022-05-05,Active,False
D0003,DormantUser,Female,"Gadchiroli , Maharashtra",1944-09-07,81,2022-10-26,2022-10-26,Excluded,True
A0398,Meera,Female,"Gadchiroli , Maharashtra",1990-05-05,35,2022-03-12,2022-08-05,Active,False
A0177,Meera,Female,"Washim , Maharashtra",1952-05-22,73,2018-07-06,2018-07-06,Excluded,False
A0239,Raj,Male,"Parbhani , Maharashtra",1954-09-15,71,2020-10-17,2020-10-17,Excluded,False
D0004,DormantUser,Female,"Parbhani , Maharashtra",1961-08-08,64,2022-10-26,2022-10-26,Excluded,True
D0005,DormantUser,Female,"Melghat , Maharashtra",1963-08-12,62,2022-10-26,2022-10-26,Excluded,True
D0002,DormantUser,Female,"Wardha , Maharashtra",1941-02-04,84,2022-10-26,2022-10-26,Excluded,True
A0294,Anjali,Female,"Hingoli , Maharashtra",1951-12-08,74,2019-04-01,2019-05-01,AtRisk,False
D0004,DormantUser,Female,"Wardha , Maharashtra",1953-08-13,72,2022-10-26,2022-10-26,Excluded,True
D0004,DormantUser,Female,"Yavatmal, Maharashtra",1952-10-03,73,2022-10-26,2022-10-26,Excluded,True
D0002,DormantUser,Female,"Parbhani , Maharashtra",1942-04-14,83,2022-10-26,2022-10-26,Excluded,True
D0002,DormantUser,Female,"Buldhana , Maharashtra",1945-01-25,80,2022-10-26,2022-10-26,Excluded,True
D0001,DormantUser,Female,"Dhule , Maharashtra",1951-11-19,74,2022-10-26,2022-10-26,Excluded,True
D0002,DormantUser,Female,"Gadchiroli , Maharashtra",1959-02-10,66,2022-10-26,2022-10-26,Excluded,True
D0005,DormantUser,Female,"Dhule , Maharashtra",1954-11-23,71,2022-10-26,2022-10-26,Excluded,True
D0003,DormantUser,Female,"Buldhana , Maharashtra",1952-01-23,73,2022-10-26,2022-10-26,Excluded,True
D0005,DormantUser,Female,"Wardha , Maharashtra",1945-06-24,80,2022-10-26,2022-10-26,Excluded,True
D0005,DormantUser,Female,"Yavatmal, Maharashtra",1962-03-20,63,2022-10-26,2022-10-26,Excluded,True
D0004,DormantUser,Female,"Parbhani , Maharashtra",1952-04-07,73,2022-10-26,2022-10-26,Excluded,True
A0052,Aditya,Male,"Gadchiroli , Maharashtra",1982-02-28,43,2021-01-17,2021-06-18,Active,False
A0095,Saanvi,Female,"Buldhana , Maharashtra",1977-11-20,48,2018-05-14,2018-12-23,Active,False
D0005,DormantUser,Female,"Wardha , Maharashtra",1963-08-28,62,2022-10-26,2022-10-26,Excluded,True
D0001,DormantUser,Female,"Gadchiroli , Maharashtra",1956-06-07,69,2022-10-26,2022-10-26,Excluded,True
D0001,DormantUser,Female,"Wardha , Maharashtra",1963-01-07,62,2022-10-26,2022-10-26,Excluded,True
A0194,Kavya,Female,"Yavatmal, Maharashtra",1977-04-19,48,2022-12-15,2023-12-29,Active,False
D0005,DormantUser,Female,"Washim , Maharashtra",1955-01-27,70,2022-10-26,2022-10-26,Excluded,True
D0004,DormantUser,Female,"Yavatmal, Maharashtra",1954-02-02,71,2022-10-26,2022-10-26,Excluded,True
A0389,Isha,Female,"Nandurbar , Maharashtra",1961-03-06,64,2022-10-29,2022-12-04,Active,False
D0001,DormantUser,Female,"Melghat , Maharashtra",1962-07-21,63,2022-10-26,2022-10-26,Excluded,True
D0001,DormantUser,Female,"Dhule , Maharashtra",1955-04-26,70,2022-10-26,2022-10-26,Excluded,True
D0001,DormantUser,Female,"Gadchiroli , Maharashtra",1956-12-04,69,2022-10-26,2022-10-26,Excluded,True
A0007,Isha,Female,"Melghat , Maharashtra",1995-09-17,30,2019-09-12,2019-10-12,AtRisk,False
D0004,DormantUser,Female,"Parbhani , Maharashtra",1945-06-26,80,2022-10-26,2022-10-26,Excluded,True
D0004,DormantUser,Female,"Wardha , Maharashtra",1963-11-27,62,2022-10-26,2022-10-26,Excluded,True
A0361,Neha,Female,"Wardha , Maharashtra",1965-04-11,60,2019-08-06,2019-08-06,Excluded,False
D0005,DormantUser,Female,"Gadchiroli , Maharashtra",1942-03-28,83,2022-10-26,2022-10-26,Excluded,True
D0002,DormantUser,Female,"Wardha , Maharashtra",1960-09-12,65,2022-10-26,2022-10-26,Excluded,True
D0001,DormantUser,Female,"Yavatmal, Maharashtra",1964-04-20,61,2022-10-26,2022-10-26,Excluded,True
D0004,DormantUser,Female,"Melghat , Maharashtra",1950-06-12,75,2022-10-26,2022-10-26,Excluded,True
D0001,DormantUser,Female,"Dhule , Maharashtra",1955-04-26,70,2022-10-26,2022-10-26,Excluded,True
A0396,Neha,Female,"Gadchiroli , Maharashtra",1971-01-12,54,2019-05-05,2024-01-22,AtRisk,False
D0005,DormantUser,Female,"Buldhana , Maharashtra",1952-03-24,73,2022-10-26,2022-10-26,Excluded,True
A0223,Kabir,Male,"Melghat , Maharashtra",1963-04-11,62,2020-07-16,2023-07-23,AtRisk,False
D0002,DormantUser,Female,"Parbhani , Maharashtra",1943-11-08,82,2022-10-26,2022-10-26,Excluded,True
D0005,DormantUser,Female,"Dhule , Maharashtra",1960-08-20,65,2022-10-26,2022-10-26,Excluded,True
D0004,DormantUser,Female,"Parbhani , Maharashtra",1947-10-23,78,2022-10-26,2022-10-26,Excluded,True
D0002,DormantUser,Female,"Melghat , Maharashtra",1962-05-05,63,2022-10-26,2022-10-26,Excluded,True
D0004,DormantUser,Female,"Melghat , Maharashtra",1953-05-23,72,2022-10-26,2022-10-26,Excluded,True
D0002,DormantUser,Female,"Gadchiroli , Maharashtra",1960-06-12,65,2022-10-26,2022-10-26,Excluded,True
D0001,DormantUser,Female,"Hingoli , Maharashtra",1942-07-24,83,2022-10-26,2022-10-26,Excluded,True
A0002,Trisha,Female,"Nandurbar , Maharashtra",1978-07-09,47,2018-05-03,2024-01-22,AtRisk,False
D0005,DormantUser,Female,"Parbhani , Maharashtra",1942-10-07,83,2022-10-26,2022-10-26,Excluded,True
D0001,DormantUser,Female,"Washim , Maharashtra",1945-02-12,80,2022-10-26,2022-10-26,Excluded,True
D0004,DormantUser,Female,"Yavatmal, Maharashtra",1940-03-18,85,2022-10-26,2022-10-26,Excluded,True
A0143,Divya,Female,"Hingoli , Maharashtra",1995-05-21,30,2022-02-22,2022-11-24,Active,False
D0004,DormantUser,Female,"Gadchiroli , Maharashtra",1961-02-11,64,2022-10-26,2022-10-26,Excluded,True
A0054,Priya,Female,"Buldhana , Maharashtra",1959-07-11,66,2020-05-04,2020-06-03,AtRisk,False
A0309,Aarav,Male,"Melghat , Maharashtra",1981-03-12,44,2018-06-09,2018-07-09,AtRisk,False
D0003,DormantUser,Female,"Buldhana , Maharashtra",1943-09-04,82,2022-10-26,2022-10-26,Excluded,True
D0002,DormantUser,Female,"Nandurbar , Maharashtra",1954-09-23,71,2022-10-26,2022-10-26,Excluded,True
D0005,DormantUser,Female,"Buldhana , Maharashtra",1942-08-12,83,2022-10-26,2022-10-26,Excluded,True
D0004,DormantUser,Female,"Gadchiroli , Maharashtra",1960-11-10,65,2022-10-26,2022-10-26,Excluded,True
D0001,DormantUser,Female,"Washim , Maharashtra",1945-02-16,80,2022-10-26,2022-10-26,Excluded,True
A0010,Trisha,Female,"Washim , Maharashtra",2002-10-06,23,2020-05-22,2020-11-28,Active,False
A0175,Sneha,Female,"Washim , Maharashtra",1990-07-23,35,2018-09-05,2024-01-22,AtRisk,False
D0004,DormantUser,Female,"Nandurbar , Maharashtra",1964-02-20,61,2022-10-26,2022-10-26,Excluded,True
D0003,DormantUser,Female,"Nandurbar , Maharashtra",1950-04-19,75,2022-10-26,2022-10-26,Excluded,True
A0230,Rohan,Male,"Dhule , Maharashtra",1948-11-17,77,2021-10-25,2023-07-23,AtRisk,False
A0303,Sneha,Female,"Nandurbar , Maharashtra",1960-02-24,65,2018-02-28,2023-07-23,AtRisk,False
D0002,DormantUser,Female,"Melghat , Maharashtra",1957-08-04,68,2022-10-26,2022-10-26,Excluded,True
D0004,DormantUser,Female,"Nandurbar , Maharashtra",1958-01-20,67,2022-10-26,2022-10-26,Excluded,True
D0002,DormantUser,Female,"Wardha , Maharashtra",1955-06-20,70,2022-10-26,2022-10-26,Excluded,True
D0001,DormantUser,Female,"Gadchiroli , Maharashtra",1941-10-15,84,2022-10-26,2022-10-26,Excluded,True
D0001,DormantUser,Female,"Dhule , Maharashtra",1945-09-12,80,2022-10-26,2022-10-26,Excluded,True
A0281,Sneha,Female,"Hingoli , Maharashtra",1995-09-19,30,2020-05-17,2021-03-22,Active,False
D0001,DormantUser,Female,"Washim , Maharashtra",1961-12-20,64,2022-10-26,2022-10-26,Excluded,True
D0005,DormantUser,Female,"Melghat , Maharashtra",1943-10-02,82,2022-10-26,2022-10-26,Excluded,True
D0001,DormantUser,Female,"Parbhani , Maharashtra",1965-01-23,60,2022-10-26,2022-10-26,Excluded,True
D0005,DormantUser,Female,"Buldhana , Maharashtra",1961-10-11,64,2022-10-26,2022-10-26,Excluded,True
D0003,DormantUser,Female,"Hingoli , Maharashtra",1960-11-01,65,2022-10-26,2022-10-26,Excluded,True
A0386,Saanvi,Female,"Gadchiroli , Maharashtra",1957-06-11,68,2023-02-27,2023-02-27,Excluded,False
A0101,Manoj,Male,"Melghat , Maharashtra",1962-02-22,63,2017-05-07,2023-07-23,AtRisk,False
D0003,DormantUser,Female,"Gadchiroli , Maharashtra",1962-04-21,63,2022-10-26,2022-10-26,Excluded,True
D0004,DormantUser,Female,"Wardha , Maharashtra",1940-03-03,85,2022-10-26,2022-10-26,Excluded,True
A0354,Isha,Female,"Washim , Maharashtra",1969-09-12,56,2017-08-12,2018-07-20,Active,False
D0002,DormantUser,Female,"Melghat , Maharashtra",1961-01-16,64,2022-10-26,2022-10-26,Excluded,True
A0288,Aarav,Male,"Hingoli , Maharashtra",1964-08-10,61,2022-03-03,2022-03-03,Excluded,False
D0001,DormantUser,Female,"Hingoli , Maharashtra",1942-09-28,83,2022-10-26,2022-10-26,Excluded,True
A0097,Priya,Female,"Washim , Maharashtra",2007-11-14,18,2021-02-05,2022-04-03,Active,False
D0003,DormantUser,Female,"Yavatmal, Maharashtra",1947-11-15,78,2022-10-26,2022-10-26,Excluded,True
D0004,DormantUser,Female,"Hingoli , Maharashtra",1940-07-27,85,2022-10-26,2022-10-26,Excluded,True
D0003,DormantUser,Female,"Parbhani , Maharashtra",1963-04-11,62,2022-10-26,2022-10-26,Excluded,True
D0005,DormantUser,Female,"Hingoli , Maharashtra",1960-08-11,65,2022-10-26,2022-10-26,Excluded,True
D0001,DormantUser,Female,"Melghat , Maharashtra",1963-02-14,62,2022-10-26,2022-10-26,Excluded,True
D0003,DormantUser,Female,"Hingoli , Maharashtra",1940-03-23,85,2022-10-26,2022-10-26,Excluded,True
D0001,DormantUser,Female,"Washim , Maharashtra",1959-11-10,66,2022-10-26,2022-10-26,Excluded,True
D0003,DormantUser,Female,"Gadchiroli , Maharashtra",1961-01-20,64,2022-10-26,2022-10-26,Excluded,True
A0222,Aditya,Male,"Dhule , Maharashtra",1985-10-20,40,2020-10-19,2024-01-22,AtRisk,False
A0310,Anjali,Female,"Wardha , Maharashtra",2007-06-04,18,2018-10-30,2024-01-22,AtRisk,False
D0004,DormantUser,Female,"Yavatmal, Maharashtra",1956-06-11,69,2022-10-26,2022-10-26,Excluded,True
D0005,DormantUser,Female,"Melghat , Maharashtra",1947-07-05,78,2022-10-26,2022-10-26,Excluded,True
A0063,Saanvi,Female,"Parbhani , Maharashtra",1968-07-20,57,2018-02-09,2019-01-15,Active,False
A0305,Neha,Female,"Buldhana , Maharashtra",1982-08-20,43,2019-12-22,2020-09-02,Active,False
A0109,Ravi,Male,"Wardha , Maharashtra",2000-04-19,25,2017-05-17,2017-06-16,AtRisk,False
D0004,DormantUser,Female,"Gadchiroli , Maharashtra",1958-04-02,67,2022-10-26,2022-10-26,Excluded,True
A0279,Isha,Female,"Washim , Maharashtra",1987-09-24,38,2017-09-22,2018-06-18,Active,False
D0002,DormantUser,Female,"Buldhana , Maharashtra",1965-11-23,60,2022-10-26,2022-10-26,Excluded,True
D0002,DormantUser,Female,"Gadchiroli , Maharashtra",1947-06-01,78,2022-10-26,2022-10-26,Excluded,True
D0001,DormantUser,Female,"Dhule , Maharashtra",1951-06-15,74,2022-10-26,2022-10-26,Excluded,True
A0108,Arjun,Male,"Washim , Maharashtra",1970-11-28,55,2021-08-25,2021-10-23,Active,False
A0260,Ravi,Male,"Wardha , Maharashtra",1956-08-20,69,2022-08-15,2023-09-06,Active,False
D0004,DormantUser,Female,"Yavatmal, Maharashtra",1940-06-15,85,2022-10-26,2022-10-26,Excluded,True
A0089,Saanvi,Female,"Nandurbar , Maharashtra",1963-09-14,62,2020-07-31,2020-10-09,Active,False
D0001,DormantUser,Female,"Nandurbar , Maharashtra",1964-04-02,61,2022-10-26,2022-10-26,Excluded,True
A0177,Meera,Female,"Washim , Maharashtra",1952-05-22,73,2018-07-06,2018-07-06,Excluded,False
D0004,DormantUser,Female,"Nandurbar , Maharashtra",1957-02-07,68,2022-10-26,2022-10-26,Excluded,True
D0002,DormantUser,Female,"Hingoli , Maharashtra",1952-10-28,73,2022-10-26,2022-10-26,Excluded,True
D0004,DormantUser,Female,"Parbhani , Maharashtra",1956-06-19,69,2022-10-26,2022-10-26,Excluded,True
D0005,DormantUser,Female,"Dhule , Maharashtra",1955-12-10,70,2022-10-26,2022-10-26,Excluded,True
A0108,Arjun,Male,"Washim , Maharashtra",1970-11-28,55,2021-08-25,2022-03-10,Active,False
A0394,Sneha,Female,"Hingoli , Maharashtra",1943-03-25,82,2019-02-05,2023-07-23,AtRisk,False
A0188,Priya,Female,"Wardha , Maharashtra",1970-03-18,55,2019-09-15,2019-09-15,Excluded,False
A0302,Trisha,Female,"Nandurbar , Maharashtra",1969-01-21,56,2022-12-02,2022-12-02,Excluded,False
D0001,DormantUser,Female,"Hingoli , Maharashtra",1955-03-11,70,2022-10-26,2022-10-26,Excluded,True
D0005,DormantUser,Female,"Parbhani , Maharashtra",1941-02-13,84,2022-10-26,2022-10-26,Excluded,True
D0001,DormantUser,Female,"Washim , Maharashtra",1955-12-18,70,2022-10-26,2022-10-26,Excluded,True
D0002,DormantUser,Female,"Melghat , Maharashtra",1940-07-28,85,2022-10-26,2022-10-26,Excluded,True
D0002,DormantUser,Female,"Dhule , Maharashtra",1949-01-13,76,2022-10-26,2022-10-26,Excluded,True
D0003,DormantUser,Female,"Melghat , Maharashtra",1961-04-03,64,2022-10-26,2022-10-26,Excluded,True
D0001,DormantUser,Female,"Gadchiroli , Maharashtra",1958-04-25,67,2022-10-26,2022-10-26,Excluded,True
D0001,DormantUser,Female,"Hingoli , Maharashtra",1955-03-11,70,2022-10-26,2022-10-26,Excluded,True
D0003,DormantUser,Female,"Gadchiroli , Maharashtra",1958-07-19,67,2022-10-26,2022-10-26,Excluded,True
D0003,DormantUser,Female,"Melghat , Maharashtra",1947-04-27,78,2022-10-26,2022-10-26,Excluded,True
D0002,DormantUser,Female,"Washim , Maharashtra",1958-07-22,67,2022-10-26,2022-10-26,Excluded,True
D0002,DormantUser,Female,"Gadchiroli , Maharashtra",1948-06-28,77,2022-10-26,2022-10-26,Excluded,True
D0001,DormantUser,Female,"Hingoli , Maharashtra",1958-02-05,67,2022-10-26,2022-10-26,Excluded,True
D0004,DormantUser,Female,"Dhule , Maharashtra",1959-05-15,66,2022-10-26,2022-10-26,Excluded,True
D0001,DormantUser,Female,"Dhule , Maharashtra",1965-10-07,60,2022-10-26,2022-10-26,Excluded,True
D0005,DormantUser,Female,"Washim , Maharashtra",1956-11-14,69,2022-10-26,2022-10-26,Excluded,True
D0003,DormantUser,Female,"Buldhana , Maharashtra",1952-01-23,73,2022-10-26,2022-10-26,Excluded,True
D0005,DormantUser,Female,"Buldhana , Maharashtra",1951-04-06,74,2022-10-26,2022-10-26,Excluded,True
D0005,DormantUser,Female,"Washim , Maharashtra",1960-05-26,65,2022-10-26,2022-10-26,Excluded,True
D0002,DormantUser,Female,"Buldhana , Maharashtra",1963-09-26,62,2022-10-26,2022-10-26,Excluded,True
D0005,DormantUser,Female,"Buldhana , Maharashtra",1954-08-02,71,2022-10-26,2022-10-26,Excluded,True
A0208,Kabir,Male,"Melghat , Maharashtra",1941-11-12,84,2023-05-14,2024-05-30,Active,False
D0005,DormantUser,Female,"Gadchiroli , Maharashtra",1956-02-19,69,2022-10-26,2022-10-26,Excluded,True
D0001,DormantUser,Female,"Melghat , Maharashtra",1962-09-16,63,2022-10-26,2022-10-26,Excluded,True
D0001,DormantUser,Female,"Melghat , Maharashtra",1940-07-10,85,2022-10-26,2022-10-26,Excluded,True
A0268,Trisha,Female,"Melghat , Maharashtra",2001-02-21,24,2022-11-05,2023-09-09,Active,False
A0304,Kabir,Male,"Buldhana , Maharashtra",1967-11-16,58,2021-09-08,2021-09-08,Excluded,False
D0004,DormantUser,Female,"Hingoli , Maharashtra",1942-02-11,83,2022-10-26,2022-10-26,Excluded,True
D0003,DormantUser,Female,"Gadchiroli , Maharashtra",1961-01-20,64,2022-10-26,2022-10-26,Excluded,True
D0001,DormantUser,Female,"Gadchiroli , Maharashtra",1960-09-13,65,2022-10-26,2022-10-26,Excluded,True
D0001,DormantUser,Female,"Yavatmal, Maharashtra",1952-10-11,73,2022-10-26,2022-10-26,Excluded,True
D0003,DormantUser,Female,"Buldhana , Maharashtra",1949-11-02,76,2022-10-26,2022-10-26,Excluded,True
A0052,Aditya,Male,"Gadchiroli , Maharashtra",1982-02-28,43,2021-01-17,2022-04-10,Active,False
A0242,Neha,Female,"Wardha , Maharashtra",1980-10-08,45,2020-05-19,2020-06-18,AtRisk,False
D0001,DormantUser,Female,"Wardha , Maharashtra",1950-08-07,75,2022-10-26,2022-10-26,Excluded,True
D0002,DormantUser,Female,"Parbhani , Maharashtra",1940-12-04,85,2022-10-26,2022-10-26,Excluded,True
A0095,Saanvi,Female,"Buldhana , Maharashtra",1977-11-20,48,2018-05-14,2018-06-30,Active,False
A0014,Saanvi,Female,"Hingoli , Maharashtra",2000-02-06,25,2022-02-14,2022-10-05,Active,False
D0003,DormantUser,Female,"Gadchiroli , Maharashtra",1961-06-28,64,2022-10-26,2022-10-26,Excluded,True
D0004,DormantUser,Female,"Wardha , Maharashtra",1945-09-11,80,2022-10-26,2022-10-26,Excluded,True
D0005,DormantUser,Female,"Wardha , Maharashtra",1954-06-24,71,2022-10-26,2022-10-26,Excluded,True
D0005,DormantUser,Female,"Hingoli , Maharashtra",1949-11-01,76,2022-10-26,2022-10-26,Excluded,True
D0004,DormantUser,Female,"Yavatmal, Maharashtra",1940-03-18,85,2022-10-26,2022-10-26,Excluded,True
D0002,DormantUser,Female,"Dhule , Maharashtra",1957-03-16,68,2022-10-26,2022-10-26,Excluded,True
A0086,Kabir,Male,"Washim , Maharashtra",1991-05-14,34,2019-05-24,2020-01-29,Active,False
D0005,DormantUser,Female,"Parbhani , Maharashtra",1964-11-13,61,2022-10-26,2022-10-26,Excluded,True
D0005,DormantUser,Female,"Dhule , Maharashtra",1951-07-18,74,2022-10-26,2022-10-26,Excluded,True
D0005,DormantUser,Female,"Nandurbar , Maharashtra",1963-08-17,62,2022-10-26,2022-10-26,Excluded,True
D0002,DormantUser,Female,"Dhule , Maharashtra",1946-10-05,79,2022-10-26,2022-10-26,Excluded,True
D0002,DormantUser,Female,"Dhule , Maharashtra",1958-04-26,67,2022-10-26,2022-10-26,Excluded,True
A0075,Aarav,Male,"Gadchiroli , Maharashtra",1955-01-24,70,2017-10-29,2018-07-05,Active,False
A0338,Meera,Female,"Washim , Maharashtra",1975-05-05,50,2019-08-26,2019-08-26,Excluded,False
D0002,DormantUser,Female,"Buldhana , Maharashtra",1963-09-26,62,2022-10-26,2022-10-26,Excluded,True
D0003,DormantUser,Female,"Yavatmal, Maharashtra",1947-04-07,78,2022-10-26,2022-10-26,Excluded,True
A0155,Priya,Female,"Dhule , Maharashtra",1963-12-07,62,2022-05-18,2022-05-18,Excluded,False
A0247,Divya,Female,"Hingoli , Maharashtra",1973-11-12,52,2019-10-19,2024-01-22,AtRisk,False
D0002,DormantUser,Female,"Gadchiroli , Maharashtra",1946-03-10,79,2022-10-26,2022-10-26,Excluded,True
D0004,DormantUser,Female,"Yavatmal, Maharashtra",1940-01-01,85,2022-10-26,2022-10-26,Excluded,True
A0294,Anjali,Female,"Hingoli , Maharashtra",1951-12-08,74,2019-04-01,2019-05-01,AtRisk,False
A0161,Sneha,Female,"Wardha , Maharashtra",1998-11-05,27,2022-07-07,2023-06-25,Active,False
D0005,DormantUser,Female,"Dhule , Maharashtra",1940-06-23,85,2022-10-26,2022-10-26,Excluded,True
D0001,DormantUser,Female,"Gadchiroli , Maharashtra",1954-11-07,71,2022-10-26,2022-10-26,Excluded,True
D0004,DormantUser,Female,"Dhule , Maharashtra",1947-03-12,78,2022-10-26,2022-10-26,Excluded,True
D0004,DormantUser,Female,"Hingoli , Maharashtra",1951-03-17,74,2022-10-26,2022-10-26,Excluded,True
A0016,Sneha,Female,"Yavatmal, Maharashtra",1943-07-05,82,2021-02-05,2021-11-25,Active,False
A0008,Sneha,Female,"Melghat , Maharashtra",1983-04-02,42,2018-05-14,2018-07-29,Active,False
D0005,DormantUser,Female,"Gadchiroli , Maharashtra",1948-05-01,77,2022-10-26,2022-10-26,Excluded,True
D0005,DormantUser,Female,"Wardha , Maharashtra",1942-01-18,83,2022-10-26,2022-10-26,Excluded,True
A0181,Ravi,Male,"Wardha , Maharashtra",1972-03-21,53,2021-11-26,2021-12-26,AtRisk,False
A0289,Meera,Female,"Yavatmal, Maharashtra",1980-12-22,45,2018-12-04,2019-08-03,Active,False
A0089,Saanvi,Female,"Nandurbar , Maharashtra",1963-09-14,62,2020-07-31,2021-01-12,Active,False
D0005,DormantUser,Female,"Melghat , Maharashtra",1944-10-18,81,2022-10-26,2022-10-26,Excluded,True
D0002,DormantUser,Female,"Washim , Maharashtra",1960-07-06,65,2022-10-26,2022-10-26,Excluded,True
D0002,DormantUser,Female,"Hingoli , Maharashtra",1942-08-15,83,2022-10-26,2022-10-26,Excluded,True
D0003,DormantUser,Female,"Yavatmal, Maharashtra",1965-08-24,60,2022-10-26,2022-10-26,Excluded,True
A0044,Kabir,Male,"Nandurbar , Maharashtra",1982-06-08,43,2022-03-23,2023-05-16,Active,False
A0091,Sneha,Female,"Dhule , Maharashtra",1967-05-12,58,2020-10-24,2021-08-09,Active,False
A0009,Vikram,Male,"Wardha , Maharashtra",1943-11-08,82,2017-07-09,2017-07-09,Excluded,False
D0005,DormantUser,Female,"Buldhana , Maharashtra",1961-01-15,64,2022-10-26,2022-10-26,Excluded,True
D0001,DormantUser,Female,"Hingoli , Maharashtra",1954-02-12,71,2022-10-26,2022-10-26,Excluded,True
D0005,DormantUser,Female,"Gadchiroli , Maharashtra",1946-05-15,79,2022-10-26,2022-10-26,Excluded,True
A0005,Raj,Male,"Yavatmal, Maharashtra",1964-11-10,61,2018-08-03,2018-09-02,AtRisk,False
D0005,DormantUser,Female,"Washim , Maharashtra",1942-04-07,83,2022-10-26,2022-10-26,Excluded,True
D0005,DormantUser,Female,"Buldhana , Maharashtra",1956-05-24,69,2022-10-26,2022-10-26,Excluded,True
D0003,DormantUser,Female,"Wardha , Maharashtra",1955-09-22,70,2022-10-26,2022-10-26,Excluded,True
D0001,DormantUser,Female,"Hingoli , Maharashtra",1954-02-12,71,2022-10-26,2022-10-26,Excluded,True
A0389,Isha,Female,"Nandurbar , Maharashtra",1961-03-06,64,2022-10-29,2023-03-21,Active,False
A0189,Rohan,Male,"Wardha , Maharashtra",1965-12-27,60,2020-07-20,2020-12-26,Active,False
D0001,DormantUser,Female,"Nandurbar , Maharashtra",1956-03-02,69,2022-10-26,2022-10-26,Excluded,True
A0145,Neha,Female,"Melghat , Maharashtra",1983-02-22,42,2023-03-07,2023-03-07,Excluded,False
D0002,DormantUser,Female,"Dhule , Maharashtra",1964-08-27,61,2022-10-26,2022-10-26,Excluded,True
A0232,Siddharth,Male,"Washim , Maharashtra",1963-12-02,62,2017-09-03,2017-10-25,Active,False
A0130,Priya,Female,"Hingoli , Maharashtra",1979-10-24,46,2020-06-03,2020-12-26,Active,False
D0005,DormantUser,Female,"Yavatmal, Maharashtra",1965-05-10,60,2022-10-26,2022-10-26,Excluded,True
D0003,DormantUser,Female,"Buldhana , Maharashtra",1963-09-23,62,2022-10-26,2022-10-26,Excluded,True
A0250,Meera,Female,"Wardha , Maharashtra",2006-07-26,19,2019-01-15,2024-01-22,AtRisk,False
D0001,DormantUser,Female,"Washim , Maharashtra",1953-03-17,72,2022-10-26,2022-10-26,Excluded,True
D0001,DormantUser,Female,"Buldhana , Maharashtra",1954-03-23,71,2022-10-26,2022-10-26,Excluded,True
A0268,Trisha,Female,"Melghat , Maharashtra",2001-02-21,24,2022-11-05,2023-09-09,Active,False
D0002,DormantUser,Female,"Dhule , Maharashtra",1961-09-04,64,2022-10-26,2022-10-26,Excluded,True
A0233,Priya,Female,"Wardha , Maharashtra",1941-09-13,84,2017-07-22,2017-08-21,AtRisk,False
D0004,DormantUser,Female,"Parbhani , Maharashtra",1941-11-11,84,2022-10-26,2022-10-26,Excluded,True
D0003,DormantUser,Female,"Melghat , Maharashtra",1944-07-02,81,2022-10-26,2022-10-26,Excluded,True
A0101,Manoj,Male,"Melghat , Maharashtra",1962-02-22,63,2017-05-07,2023-07-23,AtRisk,False
D0002,DormantUser,Female,"Gadchiroli , Maharashtra",1943-05-06,82,2022-10-26,2022-10-26,Excluded,True
D0005,DormantUser,Female,"Gadchiroli , Maharashtra",1948-08-21,77,2022-10-26,2022-10-26,Excluded,True
D0002,DormantUser,Female,"Parbhani , Maharashtra",1942-04-11,83,2022-10-26,2022-10-26,Excluded,True
D0002,DormantUser,Female,"Nandurbar , Maharashtra",1965-06-10,60,2022-10-26,2022-10-26,Excluded,True
D0001,DormantUser,Female,"Wardha , Maharashtra",1964-08-16,61,2022-10-26,2022-10-26,Excluded,True
D0003,DormantUser,Female,"Gadchiroli , Maharashtra",1940-06-24,85,2022-10-26,2022-10-26,Excluded,True
A0077,Rohan,Male,"Melghat , Maharashtra",1961-07-05,64,2020-03-01,2020-08-24,Active,False
D0005,DormantUser,Female,"Dhule , Maharashtra",1949-07-02,76,2022-10-26,2022-10-26,Excluded,True
A0291,Saanvi,Female,"Nandurbar , Maharashtra",1952-07-20,73,2022-05-11,2023-06-03,Active,False
A0226,Sneha,Female,"Nandurbar , Maharashtra",1972-04-24,53,2020-08-19,2021-05-01,Active,False
D0003,DormantUser,Female,"Nandurbar , Maharashtra",1959-04-09,66,2022-10-26,2022-10-26,Excluded,True
D0005,DormantUser,Female,"Melghat , Maharashtra",1950-10-14,75,2022-10-26,2022-10-26,Excluded,True
D0004,DormantUser,Female,"Gadchiroli , Maharashtra",1963-08-22,62,2022-10-26,2022-10-26,Excluded,True
D0005,DormantUser,Female,"Wardha , Maharashtra",1960-09-18,65,2022-10-26,2022-10-26,Excluded,True
A0304,Kabir,Male,"Buldhana , Maharashtra",1967-11-16,58,2021-09-08,2021-09-08,Excluded,False
D0004,DormantUser,Female,"Melghat , Maharashtra",1952-04-16,73,2022-10-26,2022-10-26,Excluded,True
D0003,DormantUser,Female,"Yavatmal, Maharashtra",1945-10-19,80,2022-10-26,2022-10-26,Excluded,True
A0211,Trisha,Female,"Yavatmal, Maharashtra",1976-01-22,49,2019-10-16,2019-11-28,Active,False
D0001,DormantUser,Female,"Washim , Maharashtra",1959-11-10,66,2022-10-26,2022-10-26,Excluded,True
D0005,DormantUser,Female,"Hingoli , Maharashtra",1953-05-20,72,2022-10-26,2022-10-26,Excluded,True
D0003,DormantUser,Female,"Buldhana , Maharashtra",1957-10-11,68,2022-10-26,2022-10-26,Excluded,True
D0001,DormantUser,Female,"Buldhana , Maharashtra",1956-01-13,69,2022-10-26,2022-10-26,Excluded,True
D0003,DormantUser,Female,"Washim , Maharashtra",1955-05-08,70,2022-10-26,2022-10-26,Excluded,True
D0005,DormantUser,Female,"Nandurbar , Maharashtra",1946-03-03,79,2022-10-26,2022-10-26,Excluded,True
D0004,DormantUser,Female,"Wardha , Maharashtra",1955-12-21,70,2022-10-26,2022-10-26,Excluded,True
A0388,Arjun,Male,"Melghat , Maharashtra",1961-07-18,64,2017-08-24,2018-09-14,Active,False
D0003,DormantUser,Female,"Parbhani , Maharashtra",1960-11-24,65,2022-10-26,2022-10-26,Excluded,True
D0002,DormantUser,Female,"Melghat , Maharashtra",1944-02-05,81,2022-10-26,2022-10-26,Excluded,True
D0004,DormantUser,Female,"Melghat , Maharashtra",1963-08-25,62,2022-10-26,2022-10-26,Excluded,True
A0333,Priya,Female,"Parbhani , Maharashtra",1995-12-16,30,2017-08-04,2017-08-04,Excluded,False
D0001,DormantUser,Female,"Washim , Maharashtra",1945-02-12,80,2022-10-26,2022-10-26,Excluded,True
D0004,DormantUser,Female,"Buldhana , Maharashtra",1949-08-19,76,2022-10-26,2022-10-26,Excluded,True
D0003,DormantUser,Female,"Dhule , Maharashtra",1959-04-06,66,2022-10-26,2022-10-26,Excluded,True
D0003,DormantUser,Female,"Hingoli , Maharashtra",1960-11-01,65,2022-10-26,2022-10-26,Excluded,True
A0384,Divya,Female,"Nandurbar , Maharashtra",1951-06-25,74,2021-10-13,2022-04-09,Active,False
D0002,DormantUser,Female,"Washim , Maharashtra",1964-07-23,61,2022-10-26,2022-10-26,Excluded,True
A0244,Anjali,Female,"Gadchiroli , Maharashtra",1943-10-25,82,2022-08-20,2023-06-01,Active,False
D0001,DormantUser,Female,"Parbhani , Maharashtra",1952-09-04,73,2022-10-26,2022-10-26,Excluded,True
D0003,DormantUser,Female,"Dhule , Maharashtra",1941-10-08,84,2022-10-26,2022-10-26,Excluded,True
D0002,DormantUser,Female,"Hingoli , Maharashtra",1965-12-20,60,2022-10-26,2022-10-26,Excluded,True
D0002,DormantUser,Female,"Dhule , Maharashtra",1952-07-18,73,2022-10-26,2022-10-26,Excluded,True
D0004,DormantUser,Female,"Hingoli , Maharashtra",1951-03-17,74,2022-10-26,2022-10-26,Excluded,True
D0004,DormantUser,Female,"Wardha , Maharashtra",1950-01-16,75,2022-10-26,2022-10-26,Excluded,True
D0003,DormantUser,Female,"Nandurbar , Maharashtra",1942-12-25,83,2022-10-26,2022-10-26,Excluded,True
D0002,DormantUser,Female,"Washim , Maharashtra",1958-07-22,67,2022-10-26,2022-10-26,Excluded,True
D0003,DormantUser,Female,"Melghat , Maharashtra",1960-12-07,65,2022-10-26,2022-10-26,Excluded,True
A0367,Anjali,Female,"Buldhana , Maharashtra",1984-08-20,41,2022-07-11,2022-08-10,AtRisk,False
D0003,DormantUser,Female,"Wardha , Maharashtra",1946-10-19,79,2022-10-26,2022-10-26,Excluded,True
D0001,DormantUser,Female,"Melghat , Maharashtra",1950-07-13,75,2022-10-26,2022-10-26,Excluded,True
D0004,DormantUser,Female,"Wardha , Maharashtra",1950-02-26,75,2022-10-26,2022-10-26,Excluded,True
A0130,Priya,Female,"Hingoli , Maharashtra",1979-10-24,46,2020-06-03,2021-05-14,Active,False
A0176,Rohan,Male,"Washim , Maharashtra",1952-09-18,73,2021-07-12,2021-07-12,Excluded,False
D0003,DormantUser,Female,"Yavatmal, Maharashtra",1959-12-18,66,2022-10-26,2022-10-26,Excluded,True
A0067,Sneha,Female,"Wardha , Maharashtra",1997-05-01,28,2020-11-03,2020-12-03,AtRisk,False
D0002,DormantUser,Female,"Hingoli , Maharashtra",1946-03-16,79,2022-10-26,2022-10-26,Excluded,True
D0003,DormantUser,Female,"Yavatmal, Maharashtra",1947-08-22,78,2022-10-26,2022-10-26,Excluded,True
D0001,DormantUser,Female,"Buldhana , Maharashtra",1955-02-08,70,2022-10-26,2022-10-26,Excluded,True
A0263,Meera,Female,"Parbhani , Maharashtra",1940-05-04,85,2018-01-17,2019-04-07,Active,False
A0092,Kabir,Male,"Buldhana , Maharashtra",1950-02-08,75,2020-12-18,2021-02-04,Active,False
D0002,DormantUser,Female,"Hingoli , Maharashtra",1947-05-19,78,2022-10-26,2022-10-26,Excluded,True
D0003,DormantUser,Female,"Hingoli , Maharashtra",1953-05-25,72,2022-10-26,2022-10-26,Excluded,True
D0002,DormantUser,Female,"Hingoli , Maharashtra",1965-08-16,60,2022-10-26,2022-10-26,Excluded,True
A0284,Arjun,Male,"Parbhani , Maharashtra",1963-09-23,62,2021-08-18,2021-11-30,Active,False
A0134,Priya,Female,"Melghat , Maharashtra",1988-11-24,37,2023-01-24,2023-09-19,Active,False
D0002,DormantUser,Female,"Buldhana , Maharashtra",1956-08-11,69,2022-10-26,2022-10-26,Excluded,True
A0207,Aarav,Male,"Wardha , Maharashtra",1975-06-20,50,2021-04-11,2021-11-20,Active,False
A0028,Raj,Male,"Nandurbar , Maharashtra",1974-01-02,51,2021-08-05,2021-08-05,Excluded,False
D0002,DormantUser,Female,"Gadchiroli , Maharashtra",1952-05-02,73,2022-10-26,2022-10-26,Excluded,True
A0391,Saanvi,Female,"Nandurbar , Maharashtra",1980-10-22,45,2020-12-11,2021-08-01,Active,False
A0200,Meera,Female,"Parbhani , Maharashtra",1940-11-22,85,2019-08-10,2020-02-06,Active,False
D0001,DormantUser,Female,"Hingoli , Maharashtra",1963-12-20,62,2022-10-26,2022-10-26,Excluded,True
D0001,DormantUser,Female,"Hingoli , Maharashtra",1945-03-11,80,2022-10-26,2022-10-26,Excluded,True
D0005,DormantUser,Female,"Melghat , Maharashtra",1943-10-02,82,2022-10-26,2022-10-26,Excluded,True
D0004,DormantUser,Female,"Dhule , Maharashtra",1959-04-03,66,2022-10-26,2022-10-26,Excluded,True
D0002,DormantUser,Female,"Melghat , Maharashtra",1949-11-02,76,2022-10-26,2022-10-26,Excluded,True
D0005,DormantUser,Female,"Melghat , Maharashtra",1960-07-21,65,2022-10-26,2022-10-26,Excluded,True
D0004,DormantUser,Female,"Hingoli , Maharashtra",1945-04-07,80,2022-10-26,2022-10-26,Excluded,True
D0003,DormantUser,Female,"Gadchiroli , Maharashtra",1962-12-22,63,2022-10-26,2022-10-26,Excluded,True
D0004,DormantUser,Female,"Gadchiroli , Maharashtra",1965-09-09,60,2022-10-26,2022-10-26,Excluded,True
D0001,DormantUser,Female,"Yavatmal, Maharashtra",1964-03-21,61,2022-10-26,2022-10-26,Excluded,True
D0005,DormantUser,Female,"Melghat , Maharashtra",1946-12-11,79,2022-10-26,2022-10-26,Excluded,True
A0308,Ravi,Male,"Hingoli , Maharashtra",1987-10-06,38,2019-02-10,2020-03-30,Active,False
A0080,Meera,Female,"Nandurbar , Maharashtra",1954-05-07,71,2022-08-28,2023-07-23,AtRisk,False
A0288,Aarav,Male,"Hingoli , Maharashtra",1964-08-10,61,2022-03-03,2022-03-03,Excluded,False
D0005,DormantUser,Female,"Gadchiroli , Maharashtra",1964-12-01,61,2022-10-26,2022-10-26,Excluded,True
A0093,Rohan,Male,"Wardha , Maharashtra",1953-05-26,72,2022-09-29,2022-09-29,Excluded,False
D0001,DormantUser,Female,"Hingoli , Maharashtra",1951-01-17,74,2022-10-26,2022-10-26,Excluded,True
A0222,Aditya,Male,"Dhule , Maharashtra",1985-10-20,40,2020-10-19,2020-11-18,AtRisk,False
D0001,DormantUser,Female,"Hingoli , Maharashtra",1963-12-13,62,2022-10-26,2022-10-26,Excluded,True
D0004,DormantUser,Female,"Gadchiroli , Maharashtra",1957-10-26,68,2022-10-26,2022-10-26,Excluded,True
D0002,DormantUser,Female,"Melghat , Maharashtra",1961-11-07,64,2022-10-26,2022-10-26,Excluded,True
D0003,DormantUser,Female,"Wardha , Maharashtra",1963-10-12,62,2022-10-26,2022-10-26,Excluded,True
A0325,Neha,Female,"Dhule , Maharashtra",1959-11-19,66,2020-08-19,2021-06-04,Active,False
D0005,DormantUser,Female,"Hingoli , Maharashtra",1956-11-09,69,2022-10-26,2022-10-26,Excluded,True
D0005,DormantUser,Female,"Parbhani , Maharashtra",1957-02-12,68,2022-10-26,2022-10-26,Excluded,True
D0004,DormantUser,Female,"Wardha , Maharashtra",1949-05-17,76,2022-10-26,2022-10-26,Excluded,True
A0002,Trisha,Female,"Nandurbar , Maharashtra",1978-07-09,47,2018-05-03,2024-01-22,AtRisk,False
D0003,DormantUser,Female,"Parbhani , Maharashtra",1962-02-18,63,2022-10-26,2022-10-26,Excluded,True
A0273,Divya,Female,"Buldhana , Maharashtra",1983-08-28,42,2022-06-05,2023-05-23,Active,False
D0004,DormantUser,Female,"Hingoli , Maharashtra",1947-10-14,78,2022-10-26,2022-10-26,Excluded,True
A0313,Meera,Female,"Gadchiroli , Maharashtra",1966-06-23,59,2021-09-10,2021-09-10,Excluded,False
D0004,DormantUser,Female,"Yavatmal, Maharashtra",1950-09-15,75,2022-10-26,2022-10-26,Excluded,True
A0168,Siddharth,Male,"Dhule , Maharashtra",1999-03-05,26,2021-03-20,2024-01-22,AtRisk,False
A0228,Priya,Female,"Yavatmal, Maharashtra",1944-10-10,81,2017-06-26,2018-05-04,Active,False
D0002,DormantUser,Female,"Buldhana , Maharashtra",1944-09-10,81,2022-10-26,2022-10-26,Excluded,True
D0005,DormantUser,Female,"Melghat , Maharashtra",1940-12-11,85,2022-10-26,2022-10-26,Excluded,True
D0003,DormantUser,Female,"Melghat , Maharashtra",1963-05-21,62,2022-10-26,2022-10-26,Excluded,True
D0001,DormantUser,Female,"Wardha , Maharashtra",1957-12-23,68,2022-10-26,2022-10-26,Excluded,True
D0004,DormantUser,Female,"Buldhana , Maharashtra",1956-03-02,69,2022-10-26,2022-10-26,Excluded,True
D0001,DormantUser,Female,"Gadchiroli , Maharashtra",1960-09-13,65,2022-10-26,2022-10-26,Excluded,True
D0001,DormantUser,Female,"Nandurbar , Maharashtra",1964-06-04,61,2022-10-26,2022-10-26,Excluded,True
D0003,DormantUser,Female,"Wardha , Maharashtra",1940-12-08,85,2022-10-26,2022-10-26,Excluded,True
D0003,DormantUser,Female,"Wardha , Maharashtra",1952-05-28,73,2022-10-26,2022-10-26,Excluded,True
A0226,Sneha,Female,"Nandurbar , Maharashtra",1972-04-24,53,2020-08-19,2021-08-25,Active,False
D0003,DormantUser,Female,"Parbhani , Maharashtra",1955-08-19,70,2022-10-26,2022-10-26,Excluded,True
D0002,DormantUser,Female,"Gadchiroli , Maharashtra",1947-06-01,78,2022-10-26,2022-10-26,Excluded,True
D0004,DormantUser,Female,"Wardha , Maharashtra",1945-09-11,80,2022-10-26,2022-10-26,Excluded,True
D0002,DormantUser,Female,"Parbhani , Maharashtra",1946-02-10,79,2022-10-26,2022-10-26,Excluded,True
D0001,DormantUser,Female,"Melghat , Maharashtra",1950-06-28,75,2022-10-26,2022-10-26,Excluded,True
D0001,DormantUser,Female,"Wardha , Maharashtra",1958-03-25,67,2022-10-26,2022-10-26,Excluded,True
D0003,DormantUser,Female,"Nandurbar , Maharashtra",1942-12-25,83,2022-10-26,2022-10-26,Excluded,True
D0001,DormantUser,Female,"Buldhana , Maharashtra",1965-05-08,60,2022-10-26,2022-10-26,Excluded,True
D0003,DormantUser,Female,"Parbhani , Maharashtra",1954-11-20,71,2022-10-26,2022-10-26,Excluded,True
D0005,DormantUser,Female,"Washim , Maharashtra",1950-07-15,75,2022-10-26,2022-10-26,Excluded,True
D0004,DormantUser,Female,"Dhule , Maharashtra",1957-11-27,68,2022-10-26,2022-10-26,Excluded,True
D0001,DormantUser,Female,"Dhule , Maharashtra",1944-03-24,81,2022-10-26,2022-10-26,Excluded,True
D0001,DormantUser,Female,"Melghat , Maharashtra",1945-08-12,80,2022-10-26,2022-10-26,Excluded,True
D0005,DormantUser,Female,"Wardha , Maharashtra",1959-11-03,66,2022-10-26,2022-10-26,Excluded,True
A0177,Meera,Female,"Washim , Maharashtra",1952-05-22,73,2018-07-06,2018-07-06,Excluded,False
D0003,DormantUser,Female,"Parbhani , Maharashtra",1948-01-24,77,2022-10-26,2022-10-26,Excluded,True
D0003,DormantUser,Female,"Washim , Maharashtra",1955-05-28,70,2022-10-26,2022-10-26,Excluded,True
D0005,DormantUser,Female,"Gadchiroli , Maharashtra",1952-11-09,73,2022-10-26,2022-10-26,Excluded,True
D0004,DormantUser,Female,"Washim , Maharashtra",1947-02-26,78,2022-10-26,2022-10-26,Excluded,True
D0004,DormantUser,Female,"Yavatmal, Maharashtra",1941-05-07,84,2022-10-26,2022-10-26,Excluded,True
A0012,Rohan,Male,"Gadchiroli , Maharashtra",1954-01-07,71,2021-06-03,2021-07-28,Active,False
D0002,DormantUser,Female,"Buldhana , Maharashtra",1956-08-11,69,2022-10-26,2022-10-26,Excluded,True
